Sl #,Name of Student,Enrollment Number,Class,Age,Gender,Marks Scored
1,Genevieve,100398,3,8,F,7
2,Esmeralda,101584,3,8,F,8
3,Henry,101744,2,7,M,10
4,Brayden,101860,4,9,F,1
5,Jaylon,102751,3,8,M,6
6,Adrianna,102857,5,10,M,8
7,Alexus,103033,5,10,F,3
8,Ingrid,103040,1,6,F,0
9,Jocelyn,103061,3,8,F,8
10,Cedric,103195,5,10,M,3
11,Johana,103551,7,12,M,4
12,Gunner,103576,7,12,F,9
13,Carson,104238,4,9,F,9
14,Jessie,104716,5,10,M,10
15,Belen,104878,3,8,M,2
16,Cortez,104900,5,10,F,3
17,Brenton,105249,4,9,M,5
18,Cale,105634,4,9,F,9
19,Alexander,106165,9,14,F,3
20,Julianna,106193,7,12,F,7
21,Jacey,106459,3,8,M,0
22,Dexter,106726,10,15,F,6
23,Jacquelyn,107170,4,9,M,9
24,Benny,107411,5,10,M,2
25,Darion,107862,5,10,F,8
26,Justin,108484,4,9,F,9
27,Ethen,108530,1,6,F,7
28,Chelsea,109020,4,9,M,8
29,Aidan,109152,5,10,M,4
30,Daniel,109390,7,12,F,6
31,Alayna,109694,4,9,M,8
32,Alfred,109704,5,10,F,1
33,Genesis,110550,4,9,M,5
34,Aiden,111992,5,10,F,7
35,Greyson,112448,6,11,M,3
36,Jimena,112605,2,7,M,6
37,Angelo,113060,3,8,M,7
38,Donovan,113094,3,8,M,10
39,Brayden,113109,4,9,M,10
40,Humberto,113160,4,9,F,7
41,Jaden,113424,6,11,M,4
42,Emmanuel,113934,4,9,M,8
43,Brennen,113974,5,10,M,3
44,Brooke,114449,1,6,M,4
45,Edith,114544,4,9,M,1
46,Cristina,115401,5,10,M,3
47,Braiden,115785,4,9,F,10
48,Chance,115793,5,10,M,2
49,Abigail,115876,6,11,M,4
50,Helena,115998,3,8,M,5
51,Jimena,116116,5,10,F,7
52,Beatriz,116281,4,9,F,5
53,Deshawn,116552,6,11,M,7
54,Haleigh,116588,5,10,M,5
55,Jamal,116874,4,9,F,8
56,Adolfo,117048,7,12,M,7
57,Jaylyn,117174,6,11,M,10
58,Jarrod,118159,5,10,F,6
59,Destiny,118284,4,9,F,6
60,Caiden,118366,6,11,M,5
61,Cynthia,118397,4,9,M,6
62,Genevieve,118443,1,6,M,2
63,Brendan,118846,7,12,F,8
64,Jadyn,118899,5,10,M,7
65,Evan,119168,10,15,M,9
66,Janice,119248,7,12,F,7
67,Adam,119471,3,8,M,5
68,Alvaro,119877,10,15,M,1
69,Isabella,119879,1,6,F,6
70,Jamari,120335,2,7,M,9
71,Deanna,120428,5,10,F,10
72,Alexis,120471,5,10,F,3
73,Jonathon,120483,4,9,M,4
74,Darian,120539,4,9,M,9
75,Ainsley,120765,5,10,F,0
76,Arthur,121013,10,15,F,1
77,Dennis,122208,5,10,M,9
78,Deasia,122255,7,12,F,7
79,Blaise,122322,3,8,M,6
80,Johnathan,122514,2,7,M,6
81,Brenton,122683,6,11,M,9
82,Joey ,122759,3,8,F,1
83,Brandi,122888,7,12,F,0
84,Alexandra,123395,1,6,M,7
85,Grady,123453,3,8,M,9
86,Delilah,123880,8,13,M,6
87,Christian,123900,1,6,F,2
88,Jaiden,124002,4,9,M,4
89,Janie,124022,7,12,M,1
90,Janelle,124046,4,9,F,5
91,Jovani,124492,3,8,M,2
92,Jaclyn,124617,2,7,F,10
93,Bryant,125051,7,12,M,2
94,Armando,125120,6,11,M,9
95,Aaliyah,125294,3,8,M,10
96,Jadyn,125487,4,9,M,9
97,Jaron,125592,5,10,F,8
98,Forrest,125866,6,11,M,1
99,Dylon,126379,5,10,M,4
100,Braulio,126595,7,12,M,0
101,Andrew,126656,3,8,M,10
102,Brionna,127025,8,13,M,10
103,Juliet,127064,3,8,M,10
104,Johnathon,127438,9,14,F,10
105,Caroline,128112,4,9,M,10
106,Jayde,128658,4,9,F,10
107,Jaron,129111,2,7,F,10
108,Esther,129127,6,11,M,10
109,Jade,129502,7,12,F,10
110,Chelsey,129613,9,14,M,10
111,Jonathon,130148,8,13,M,10
112,Gino,130560,3,8,M,10
113,Abram,130725,6,11,F,10
114,Ezekiel,131208,2,7,M,10
115,Isaiah,131441,3,8,M,10
116,Abigayle,131529,3,8,M,10
117,Jayla,131936,10,15,M,10
118,Janice,131977,4,9,F,10
119,Clark,132208,3,8,M,10
120,Graciela,132524,3,8,M,10
121,Bailey,132831,5,10,M,10
122,Hugh,133007,5,10,M,10
123,Garret,133341,9,14,F,10
124,Dasia,134167,4,9,M,10
125,Bryana,134370,7,12,F,10
126,Genevieve,135163,7,12,F,10
127,Jacquelyn,135684,3,8,F,10
128,Hayden,135915,5,10,F,10
129,Esmeralda,136077,5,10,F,10
130,Journey,136238,6,11,M,10
131,Gage,136387,1,6,M,10
132,Ciara,136411,3,8,F,10
133,Galilea,136662,2,7,M,10
134,Alana,137262,4,9,M,10
135,Jackeline,137280,5,10,F,10
136,Cayla,137807,2,7,F,10
137,Ivan,138342,7,12,M,10
138,Anthony,138362,7,12,M,10
139,Britney,138728,10,15,F,10
140,Bradyn,138991,4,9,F,10
141,Frances,139186,6,11,F,10
142,Gonzalo,139731,5,10,M,10
143,Antonio,139865,5,10,F,10
144,Celine,139971,1,6,M,10
145,Jeanette,140410,3,8,M,10
146,Catherine,140668,2,7,F,10
147,Britney,141371,4,9,M,10
148,Christian,141641,6,11,M,10
149,Jaylene,141898,2,7,F,10
150,Emmett,142092,4,9,M,10
151,Demetrius,142277,2,7,M,10
152,Jayde,142769,5,10,M,10
153,Cindy,143293,5,10,M,10
154,Dominique,143473,5,10,M,10
155,Dillan,143596,4,9,M,10
156,Bernard,144393,10,15,M,10
157,Joyce,144439,4,9,M,10
158,Imani,144461,6,11,M,10
159,Eliana,145701,3,8,F,10
160,Brooke,145938,2,7,M,10
161,Jayce,145999,2,7,M,10
162,Joseph,146069,4,9,M,10
163,Josef,146614,3,8,M,10
164,Dulce,146643,5,10,F,10
165,Ismael,146649,5,10,M,10
166,Brodie,146782,3,8,M,10
167,Jordy,146973,7,12,F,10
168,Clark,147203,3,8,M,10
169,Bailee,147691,7,12,M,10
170,Adrianna,147970,4,9,M,10
171,Devyn,148760,3,8,F,10
172,Chasity,148980,4,9,F,10
173,Ari,149371,3,8,M,10
174,Brett,149656,3,8,M,10
175,Adolfo,149728,5,10,F,10
176,Deangelo,150449,5,10,F,10
177,Aden,151382,6,11,M,10
178,Duncan,151879,5,10,M,10
179,Harrison,152302,9,14,M,10
180,Darwin,152506,5,10,M,10
181,Iris,152750,3,8,M,10
182,Braulio,152989,7,12,M,10
183,Jovan,153440,3,8,F,10
184,Alden,153681,10,15,M,10
185,German,153778,4,9,F,10
186,Brayan,153874,5,10,F,10
187,Breonna,154049,4,9,M,10
188,Alice,154204,3,8,M,10
189,Berenice,154816,5,10,M,10
190,Dwayne,155246,7,12,M,10
191,Cooper,155580,9,14,M,10
192,Duncan,156310,3,8,M,10
193,Jesus,156436,9,14,F,10
194,Brady,157050,2,7,M,10
195,Allen,157513,3,8,M,10
196,Justyn,157637,4,9,M,10
197,Gianna,157701,9,14,F,10
198,Ignacio,157902,3,8,M,10
199,Christina,159010,4,9,M,10
200,Brooks,159228,9,14,F,10
201,Ella,159944,3,8,M,20
202,Eliezer,159986,3,8,F,15
203,Adrienne,160211,4,9,M,14
204,Carlton,160591,3,8,M,15
205,Estefani,160677,3,8,F,10
206,Clarissa,160993,3,8,M,18
207,Cassie,161086,3,8,M,20
208,Freddie,161127,4,9,F,18
209,Anthony,161315,5,10,F,19
210,Jared,161442,4,9,F,15
211,Jaquez,161867,1,6,F,12
212,Fabian,162123,6,11,M,19
213,Ciara,162454,5,10,M,13
214,Dasia,162985,7,12,M,13
215,Hugh,163639,2,7,M,17
216,Byron,163678,5,10,F,15
217,Adrian,163801,5,10,M,14
218,Alberto,164178,4,9,F,20
219,Carolyn,164208,7,12,M,20
220,Alonzo,164538,4,9,M,13
221,Brandon,164711,5,10,M,19
222,Jaqueline,165322,4,9,M,19
223,Brody,166121,2,7,M,15
224,Jay,166191,6,11,M,20
225,Conner,167456,3,8,M,10
226,Hamza,167830,8,13,M,11
227,Deja,169415,5,10,F,17
228,Gracie,169481,1,6,F,13
229,Elise,170264,3,8,F,17
230,Eden,171111,3,8,M,15
231,Harrison,171319,1,6,F,14
232,Heath,171640,7,12,M,16
233,Cristopher,171853,2,7,M,11
234,Albert,171972,8,13,M,20
235,Belen,172474,5,10,F,16
236,Jovany,172481,9,14,M,17
237,Hanna,173417,5,10,M,17
238,Arturo,173480,9,14,F,20
239,Carrie,173761,4,9,F,12
240,Demetrius,174212,4,9,M,20
241,Aldo,174223,4,9,M,14
242,Brionna,174923,2,7,M,16
243,Emilie,175046,5,10,M,19
244,Braeden,175221,4,9,F,14
245,Alaina,175516,6,11,M,14
246,Carolyn,175524,9,14,M,17
247,Devante,175546,5,10,F,19
248,Cyrus,175660,4,9,M,11
249,Brycen,175799,6,11,M,18
250,Clarence,175811,4,9,F,10
251,Dashawn,176004,5,10,M,13
252,Harry,176156,5,10,M,18
253,Aisha,176269,8,13,M,14
254,Daniella,176486,4,9,M,17
255,Deven,176532,3,8,M,18
256,Efren,177539,2,7,M,16
257,Alina,177574,2,7,M,11
258,Joshua,177657,6,11,F,18
259,Jacoby,177799,5,10,M,14
260,Clifford,177809,3,8,M,18
261,Adriel,178099,8,13,M,14
262,Francisco,178304,3,8,F,18
263,Irene,178413,5,10,M,15
264,Destin,179067,3,8,F,12
265,Julian,179187,5,10,M,19
266,Jonatan,179252,7,12,F,18
267,Ben,179256,2,7,F,17
268,Gunnar,179316,5,10,F,12
269,Eddie,179718,2,7,F,10
270,Brianne,179984,3,8,F,20
271,Bianca,180446,6,11,M,15
272,Isaak,180526,3,8,F,11
273,Alejandro,180789,3,8,M,14
274,Elaine,181431,2,7,M,18
275,Cooper,181520,6,11,M,14
276,Bailey,181960,5,10,F,17
277,Guadalupe,181988,5,10,M,10
278,Alisa,182191,3,8,M,11
279,Joslyn,182192,4,9,F,12
280,Halie,182394,9,14,M,16
281,Alessandro,182618,5,10,M,13
282,Catalina,182831,5,10,M,13
283,Destini,183055,7,12,F,12
284,Caitlin,183132,6,11,M,16
285,Issac,183436,5,10,M,11
286,Gustavo,184118,5,10,M,20
287,Dianna,184454,5,10,F,12
288,Eli,184510,7,12,M,17
289,Jewel,184698,5,10,M,20
290,Hadley,185010,5,10,M,11
291,Edgardo,185263,6,11,M,20
292,Ahmed,185896,1,6,M,16
293,Gabrielle,186294,2,7,M,15
294,Carlo,186851,4,9,M,17
295,Hanna,187018,6,11,M,13
296,Jaden,187658,8,13,F,10
297,Damian,187870,4,9,M,16
298,Eliezer,187948,3,8,F,19
299,Darrin,187979,6,11,F,18
300,Garret,188205,2,7,M,17
301,Adrien,188372,4,9,M,20
302,Justice,188791,3,8,M,20
303,Destin,188891,5,10,M,20
304,Cora,188898,3,8,M,20
305,Diego,188971,1,6,F,20
306,Carson,189156,8,13,M,20
307,Braydon,189277,2,7,F,20
308,Allen,189588,6,11,F,20
309,Alejandra,190051,3,8,F,20
310,Alijah,190624,10,15,M,20
311,Brooklynn,190727,4,9,M,20
312,Bo,191125,4,9,M,20
313,Frida,191711,4,9,F,20
314,Isabelle,191855,4,9,F,20
315,Elyse,192369,5,10,M,20
316,Jase,192955,6,11,F,20
317,Bilal,192962,2,7,F,20
318,Carol,193257,2,7,M,20
319,Graham,193416,3,8,M,20
320,Antwan,193567,10,15,M,20
321,Darien,193696,7,12,M,20
322,Gianni,193761,4,9,M,20
323,Bobby,194161,3,8,M,20
324,Braeden,194379,7,12,M,20
325,Jaylin,194672,5,10,F,20
326,Dimitri,195076,4,9,M,20
327,Anderson,195278,6,11,M,20
328,Jermaine,195292,3,8,M,20
329,Courtney,196070,3,8,F,20
330,Alayna,196165,10,15,M,20
331,Brendon,196280,4,9,M,20
332,Humberto,196335,3,8,F,20
333,Darrion,196341,4,9,M,20
334,Hassan,196579,4,9,M,20
335,Andre,197200,3,8,F,20
336,Blaise,197285,4,9,F,20
337,Blaine,197535,10,15,M,20
338,Cecelia,197574,8,13,F,20
339,Bryanna,197964,4,9,F,20
340,Aaron,197975,4,9,M,20
341,Dominique,198737,4,9,M,20
342,Jenifer,198829,2,7,M,20
343,Felix,198901,5,10,M,20
344,Celia,199123,2,7,F,20
345,Chance,199363,4,9,M,20
346,Elissa,200065,3,8,F,20
347,Angelo,200244,6,11,F,20
348,Charity,200645,5,10,M,20
349,Julio,201001,3,8,M,20
350,Joaquin,201191,2,7,F,20
351,Jaqueline,201422,8,13,F,20
352,Galilea,201541,3,8,M,20
353,Adonis,201971,7,12,F,20
354,Hallie,202169,5,10,M,20
355,Holden,202593,4,9,M,20
356,Alexandra,202596,5,10,M,20
357,Henry,202786,4,9,M,20
358,Jarod,202856,5,10,F,20
359,Dominick,202863,8,13,F,20
360,Devon,202935,5,10,M,20
361,Anton,203022,2,7,F,20
362,Cruz,203094,5,10,M,20
363,Colin,203528,2,7,M,20
364,Charlotte,204097,2,7,M,20
365,Claire,204579,4,9,F,20
366,Johana,205304,1,6,M,20
367,Elvis,205695,5,10,M,20
368,Alfred,205741,4,9,F,20
369,James,206794,3,8,F,20
370,Deon,206854,5,10,M,20
371,Emma,207066,4,9,F,20
372,Clinton,207318,3,8,M,20
373,Bobby,207584,1,6,M,20
374,Brenden,207819,5,10,M,20
375,Deangelo,208419,5,10,F,20
376,Cristal,208518,8,13,M,20
377,Alfredo,209123,5,10,M,20
378,Jamil,209193,6,11,M,20
379,Angel,209291,9,14,M,20
380,Jazmyne,209737,3,8,F,20
381,Jakob,209834,4,9,M,20
382,Derrick,209900,5,10,M,20
383,Camden,210204,8,13,M,20
384,Daisy,210912,3,8,F,20
385,Alexandrea,211523,4,9,M,20
386,Isabella,211755,4,9,M,20
387,Alanis,212488,7,12,M,20
388,Giana,212645,8,13,F,20
389,Jaylin,212746,3,8,M,20
390,Darrion,213160,3,8,M,20
391,Blake,213412,6,11,M,20
392,Jorge,213438,4,9,M,20
393,Abril,213828,5,10,M,20
394,Darian,214027,1,6,M,20
395,Brady,214104,5,10,M,20
396,Isabela,214509,7,12,F,20
397,Efrain,214667,6,11,M,20
398,Gian,215056,5,10,M,20
399,Brandi,215429,7,12,F,20
400,Dorothy,215731,7,12,F,20
401,Bradley,215740,4,9,F,20
402,Gaige,216330,4,9,F,20
403,Jenna,216878,4,9,F,20
404,Dangelo,217046,9,14,F,20
405,Geoffrey,217514,4,9,M,20
406,Holden,217999,3,8,F,20
407,Drake,218397,4,9,F,20
408,Aron,218404,10,15,M,20
409,Destin,218454,4,9,F,20
410,Fred,219150,7,12,M,20
411,Gerardo,220173,3,8,M,20
412,Ian,220876,3,8,F,20
413,Cristina,220892,3,8,M,20
414,Dashawn,221314,4,9,F,20
415,Darrius,221342,3,8,F,20
416,Breanna,221406,3,8,M,20
417,Jaida,221826,4,9,F,20
418,Issac,222059,6,11,F,20
419,Bernardo,222201,5,10,M,20
420,Gilbert,222368,4,9,M,20
421,Edgar,222445,5,10,F,20
422,Derick,222659,8,13,M,20
423,Danna,222977,3,8,F,20
424,Donte,223006,5,10,F,20
425,Dillan,223392,5,10,M,20
426,Jesse,223517,10,15,F,20
427,George,223591,3,8,M,20
428,Cole,223928,8,13,M,20
429,Chris,224024,3,8,M,20
430,Brent,224224,8,13,M,20
431,Jordan,224380,5,10,F,20
432,Cullen,224865,5,10,M,20
433,Dylan,225117,3,8,M,20
434,Caiden,225396,6,11,M,20
435,Alexander,225432,3,8,F,20
436,Callie,225556,5,10,F,20
437,Adonis,225686,3,8,M,20
438,Deandre,225714,5,10,F,20
439,Jaidyn,226303,3,8,M,20
440,Alex ,226331,1,6,F,20
441,Diego,226367,3,8,M,20
442,Celina,226661,2,7,M,20
443,Aron,226678,8,13,F,20
444,Cynthia,226842,5,10,F,20
445,Jan,226995,4,9,F,20
446,Alanna,227225,5,10,F,20
447,Chaz,227465,4,9,M,20
448,Cristobal,228379,8,13,F,20
449,Devin,228430,5,10,M,20
450,Jayden,228566,6,11,M,20
451,Gary,228834,3,8,M,20
452,Dimitri,229008,8,13,M,20
453,Ireland,229028,5,10,F,20
454,Darin,229488,8,13,M,20
455,Alexzander,229514,6,11,F,20
456,Abbey,230797,3,8,F,20
457,Cayla,230985,10,15,M,20
458,Carlee,231024,2,7,F,20
459,Braxton,231492,4,9,M,20
460,Judah,231582,2,7,M,20
461,Alexandro,231587,2,7,F,20
462,Dustin,231942,6,11,F,20
463,Emilia,232140,6,11,M,20
464,Jamie,232355,3,8,M,20
465,Antwan,232692,3,8,F,20
466,Elmer,232960,7,12,M,20
467,Braydon,233067,6,11,F,20
468,Emerson,233429,3,8,F,20
469,Jade,234350,1,6,M,20
470,Dorothy,234530,4,9,F,20
471,Andres,234543,7,12,M,20
472,Jaycee,234593,4,9,F,20
473,Amir,235000,2,7,M,20
474,Adriel,235070,6,11,M,20
475,Aileen,235223,7,12,M,20
476,Antoine,235240,2,7,M,20
477,Jamison,235284,9,14,M,20
478,Ellis ,235459,1,6,F,20
479,Harrison,235591,4,9,M,20
480,Draven,235832,5,10,M,20
481,Brenna,236405,10,15,M,20
482,Baylee,236585,6,11,M,20
483,Corinne,236674,5,10,M,20
484,Jake,237097,3,8,M,20
485,Claudia,238005,8,13,F,20
486,Denzel,238794,1,6,M,20
487,Brandon,238997,7,12,M,20
488,Byron,239021,7,12,M,20
489,Eric,239106,7,12,F,20
490,Bo,239181,7,12,F,20
491,Jessica,239427,4,9,M,20
492,Britney,239483,4,9,F,20
493,Jaren,239675,9,14,F,20
494,Cameron,239767,4,9,F,20
495,Casey,241031,3,8,F,20
496,Carlee,241216,5,10,M,20
497,James,241822,4,9,M,20
498,Adam,242347,6,11,F,20
499,Bennett,242468,6,11,M,20
500,Cassidy,242863,5,10,M,20
501,Jaylin,243527,10,15,M,23
502,Fabiola,243743,6,11,M,25
503,Graciela,244310,1,6,F,22
504,Gino,244644,6,11,M,23
505,Bryanna,244665,3,8,M,22
506,Clifton,244891,4,9,F,24
507,Dion,245028,3,8,M,28
508,Darrin,245064,5,10,M,29
509,Jalynn,245100,4,9,M,22
510,Jessie,245163,4,9,M,30
511,Jayson,246393,5,10,F,25
512,Heriberto,246860,5,10,M,29
513,Elisabeth,248912,6,11,M,24
514,Alan,249564,4,9,M,26
515,Coby,250242,3,8,M,28
516,Caitlyn,250488,4,9,M,20
517,Alexus,250658,6,11,F,30
518,Jason,250697,3,8,F,29
519,Blaine,251422,4,9,M,29
520,Alia,251494,10,15,M,25
521,Alina,251534,4,9,M,27
522,Albert,251641,9,14,M,22
523,Felicity ,251682,10,15,M,27
524,Gordon,251746,5,10,M,23
525,Carlos,251885,3,8,M,29
526,Ibrahim,251946,9,14,M,25
527,Janae,252936,9,14,M,21
528,Blaze,252950,1,6,F,24
529,Bruce,253176,3,8,F,29
530,Jaclyn,253401,6,11,M,30
531,Angelo,253717,2,7,M,24
532,Elliott,254153,9,14,M,22
533,Braydon,254438,2,7,M,28
534,Jarvis,254938,3,8,M,29
535,Hunter,255269,1,6,F,25
536,Jocelyn,255290,4,9,M,26
537,Aaliyah,255465,4,9,M,24
538,Gwendolyn,255571,7,12,F,28
539,Elian,255624,8,13,M,24
540,Blaze,255628,1,6,M,24
541,Danielle,256502,6,11,M,29
542,Earl,256705,4,9,F,28
543,Brenton,257029,4,9,M,28
544,Abdiel,257261,4,9,M,29
545,Elisabeth,257269,6,11,F,30
546,Claudia,258520,4,9,F,21
547,Bret,258622,7,12,F,21
548,Coleman,259174,2,7,F,20
549,Alberto,259234,2,7,F,25
550,Gracie,259516,9,14,F,29
551,Elise,259938,3,8,M,24
552,Agustin,260107,3,8,M,24
553,Franklin,260506,5,10,M,27
554,Jasper,260808,5,10,M,22
555,Abbigail,260905,4,9,F,20
556,Freddy,260953,4,9,M,23
557,Adolfo,260983,7,12,M,29
558,Alexis,260992,7,12,M,27
559,Gerald,261618,10,15,M,29
560,Heaven,262168,2,7,M,21
561,Gideon,262341,4,9,M,23
562,Dustin,262353,4,9,M,27
563,Declan,262425,2,7,M,28
564,Gustavo,262846,4,9,M,20
565,Delaney,263279,3,8,F,24
566,Darrell,263742,5,10,F,28
567,Denise,264060,5,10,M,27
568,Jahiem,264821,5,10,M,28
569,Gabriel,265754,4,9,M,20
570,Alan,265910,4,9,F,28
571,Harold,266837,4,9,M,24
572,Bryson,266937,2,7,F,26
573,Douglas,267000,8,13,F,26
574,Devonte,267399,3,8,F,24
575,Holly,267555,5,10,F,22
576,Joel,268874,5,10,F,24
577,Denise,268944,4,9,M,27
578,Gannon,269043,4,9,M,21
579,Devan,269075,5,10,M,30
580,Jaiden,269319,7,12,F,21
581,Jesus,270914,5,10,F,30
582,Bianca,271238,5,10,M,20
583,Drew,271354,4,9,M,28
584,Clarence,271743,3,8,F,20
585,Evelyn,271748,2,7,M,21
586,Aditya,272227,3,8,M,24
587,Gian,273075,6,11,F,28
588,Dalton,273474,4,9,M,29
589,Bernard,273682,2,7,M,22
590,Aleah,273894,10,15,M,24
591,Brennen,273903,7,12,M,26
592,Jaiden,274548,6,11,F,25
593,Colin,275189,5,10,M,20
594,Destiney,275479,5,10,M,27
595,Julissa,276044,7,12,F,28
596,Elaina,276373,3,8,M,29
597,Caleb,276582,7,12,M,20
598,Donavan,277094,6,11,M,23
599,Cassie,277225,4,9,M,26
600,Anton,277601,5,10,F,30
601,Briana,277618,6,11,M,30
602,Elizabeth,277646,5,10,M,30
603,Cecilia,277797,4,9,M,30
604,Jamir,278019,2,7,F,30
605,Gerardo,278733,5,10,M,30
606,Jacqueline,278765,7,12,M,30
607,Emmalee,279068,2,7,M,30
608,Carlo,279131,5,10,M,30
609,Diana,279207,1,6,M,30
610,Chance,279571,5,10,F,30
611,Jesus,279652,4,9,M,30
612,Deangelo,279710,4,9,M,30
613,Desmond,280182,6,11,M,30
614,Julio,280349,5,10,M,30
615,Giovanni,280551,8,13,F,30
616,Corey,281018,8,13,M,30
617,Julie,281379,6,11,M,30
618,Gillian,281832,9,14,M,30
619,Dontae,281972,3,8,M,30
620,Brenda,282001,2,7,M,30
621,Aldo,282003,5,10,F,30
622,Devan,282439,4,9,M,30
623,Camryn,282599,3,8,M,30
624,Dwight,282651,10,15,F,30
625,Amarion,282945,7,12,F,30
626,Graciela,283194,6,11,M,30
627,Dorothy,283221,7,12,M,30
628,Juliana,283594,5,10,M,30
629,Abby,283842,6,11,F,30
630,Estefani,283920,3,8,M,30
631,Derek,283946,5,10,M,30
632,Damien,284108,6,11,F,30
633,Eugene,284110,2,7,F,30
634,Delilah,285155,9,14,M,30
635,Gian,285383,4,9,F,30
636,Chad,285537,4,9,M,30
637,Chana,285576,4,9,M,30
638,Daniella,285623,6,11,M,30
639,Braxton,286287,4,9,M,30
640,Julianna,286502,4,9,M,30
641,Bryson,286746,8,13,M,30
642,Brian,287717,5,10,M,30
643,Caleb,287992,7,12,F,30
644,Jaime,288000,5,10,M,30
645,Elena,288003,5,10,M,30
646,Clarence,288037,8,13,F,30
647,Brenda,288629,5,10,M,30
648,Celine,288801,6,11,M,30
649,Julianne,289046,4,9,F,30
650,Hailey,289290,8,13,M,30
651,Isabela,289716,9,14,M,30
652,Giovanna,289835,4,9,M,30
653,Jennifer,290000,4,9,F,30
654,Diane,290122,5,10,F,30
655,Ciera,290183,7,12,M,30
656,Giancarlo,291021,3,8,M,30
657,Addison,291532,6,11,F,30
658,Clare,292372,4,9,M,30
659,Josie,292501,5,10,F,30
660,Emiliano,292655,7,12,M,30
661,Destiney,292936,4,9,F,30
662,Carissa,292949,4,9,F,30
663,Abram,293009,4,9,M,30
664,Adeline,293615,3,8,M,30
665,Benjamin,293735,7,12,M,30
666,Imani,294631,6,11,M,30
667,Jazmin,295131,6,11,F,30
668,Bryanna,295140,4,9,M,30
669,Jahiem,295307,8,13,M,30
670,Gerard,295308,6,11,F,30
671,Eliseo,295482,4,9,M,30
672,Delilah,296249,3,8,M,30
673,Emerson,296305,4,9,M,30
674,Ahmad,296806,4,9,F,30
675,Alexandre,297165,3,8,M,30
676,Frank,297401,2,7,M,30
677,Johanna,297690,4,9,M,30
678,Isiah,297786,4,9,F,30
679,Brittney,297866,3,8,M,30
680,Jayden,298048,2,7,F,30
681,Ericka,298441,4,9,M,30
682,Derick,298878,5,10,F,30
683,Abagail,298939,5,10,M,30
684,Brandy,299635,4,9,F,30
685,Gianni,299698,2,7,M,30
686,Jayce,299955,10,15,M,30
687,Erin,300007,3,8,F,30
688,Alicia,300569,7,12,M,30
689,Jaylynn,301051,8,13,F,30
690,Aldo,301782,4,9,F,30
691,Hunter,302108,4,9,M,30
692,Jerry,302733,5,10,M,30
693,Jorge,302741,6,11,M,30
694,Gillian,303063,9,14,M,30
695,Ella,303107,4,9,M,30
696,Hunter,303135,7,12,M,30
697,Fabiola,303241,8,13,F,30
698,Crystal,303926,4,9,F,30
699,Brock,303956,1,6,F,30
700,Galilea,304210,8,13,M,30
701,Joey ,305062,10,15,M,30
702,Brionna,305667,6,11,F,30
703,Alejandra,306096,1,6,F,30
704,Jordon,306112,4,9,M,30
705,Carl,306174,4,9,F,30
706,Jamie,306412,3,8,M,30
707,Chris,306775,5,10,F,30
708,Carissa,306906,9,14,M,30
709,Gia,307002,3,8,M,30
710,Bridget,307329,1,6,M,30
711,Elvis,307657,5,10,F,30
712,Isabel,307752,1,6,F,30
713,Jennifer,308658,6,11,F,30
714,Carmen,308995,2,7,M,30
715,Bobby,309008,1,6,F,30
716,Joshua,309134,7,12,M,30
717,Dominic,309179,5,10,F,30
718,Edith,309510,5,10,M,30
719,Jonas,309573,4,9,F,30
720,Haylee,309737,5,10,F,30
721,Josh,310337,5,10,F,30
722,Camryn,310418,6,11,M,30
723,Cindy,310514,4,9,M,30
724,Addison,310561,8,13,F,30
725,Gunner,310682,5,10,F,30
726,Isaias,311261,5,10,M,30
727,Bradley,311404,5,10,M,30
728,Cody,312638,4,9,M,30
729,Alexzander,312658,10,15,M,30
730,Caden,312713,4,9,M,30
731,Jayda,312909,4,9,F,30
732,Jonah,313399,9,14,M,30
733,Breanna,313548,7,12,F,30
734,Damon,314671,1,6,F,30
735,Jaidyn,315501,3,8,F,30
736,Conor,315846,4,9,F,30
737,Johnathon,316266,5,10,F,30
738,Blaise,316342,5,10,F,30
739,Benny,317171,6,11,F,30
740,Emilee,317604,5,10,F,30
741,Carson,317687,9,14,F,30
742,Baylee,317848,7,12,M,30
743,Julien,317941,3,8,M,30
744,Braxton,318012,4,9,M,30
745,Bethany,318081,3,8,F,30
746,Danielle,318689,3,8,F,30
747,Alia,318692,5,10,M,30
748,Alaina,318760,2,7,F,30
749,Brian,318843,5,10,M,30
750,Destiny,319330,7,12,M,30
751,Elliot,319861,10,15,F,30
752,Isai,319862,9,14,M,30
753,Eugene,320102,4,9,F,30
754,Jamari,320630,3,8,M,30
755,Haven,321239,3,8,M,30
756,Derek,321735,7,12,M,30
757,Heather,321908,8,13,F,30
758,Andy,322242,6,11,M,30
759,Clay,322503,5,10,M,30
760,Darrin,322787,5,10,F,30
761,Alana,322835,5,10,M,30
762,John,322917,4,9,M,30
763,Breana,323168,10,15,F,30
764,Jakayla,323372,5,10,M,30
765,Bailee,324127,4,9,F,30
766,Carolina,324746,9,14,F,30
767,Britney,324919,8,13,M,30
768,Christy,325382,4,9,M,30
769,Julien,325419,5,10,F,30
770,Howard,326077,2,7,F,30
771,Eddy,326504,2,7,F,30
772,Carina,327169,8,13,M,30
773,Eliza,327346,3,8,M,30
774,Declan,327398,6,11,M,30
775,Braeden,327761,6,11,M,30
776,Andres,327891,4,9,M,30
777,Jayla,328792,2,7,M,30
778,Adrian,329771,5,10,M,30
779,Frank,329884,5,10,M,30
780,Ellis ,329964,3,8,M,30
781,Giselle,330879,6,11,F,30
782,Jaquan,331109,8,13,F,30
783,Ahmed,331582,3,8,M,30
784,Jordon,332403,5,10,F,30
785,Juliette,332558,8,13,M,30
786,Hector,333048,4,9,M,30
787,Gia,333322,2,7,F,30
788,Jayden,333429,5,10,F,30
789,Jaheem,333807,8,13,M,30
790,Beatriz,333926,3,8,M,30
791,Darien,334031,5,10,F,30
792,Chasity,334113,1,6,F,30
793,Arturo,334362,4,9,M,30
794,Felicia,334469,4,9,M,30
795,Carolina,335228,4,9,F,30
796,Bella,335394,2,7,M,30
797,Harold,335470,4,9,M,30
798,Colby,335758,1,6,F,30
799,Carley,335942,5,10,M,30
800,Justine,335959,5,10,M,30
801,Jasmyn,336182,3,8,M,30
802,Dallin,336841,3,8,M,30
803,Guadalupe,336862,5,10,F,30
804,Adriel,337150,5,10,F,30
805,Jada,337370,1,6,F,30
806,Camron,338340,8,13,F,30
807,Alessandra,338793,4,9,M,30
808,Carlie,339172,4,9,M,30
809,Briana,339777,3,8,M,30
810,Chad,341128,4,9,M,30
811,Antoine,341198,2,7,F,30
812,Esmeralda,341256,2,7,F,30
813,Jett,341349,1,6,M,30
814,Aaliyah,341490,2,7,M,30
815,Jaden,341706,3,8,F,30
816,Jovan,341741,5,10,M,30
817,Amari,342860,3,8,F,30
818,Alexandria,342928,6,11,F,30
819,Dianna,343181,4,9,F,30
820,Guillermo,343545,5,10,M,30
821,Charity,343711,3,8,M,30
822,Jana,344631,8,13,F,30
823,Arnold,345219,7,12,F,30
824,Jewel,345366,4,9,M,30
825,Jamar,345448,3,8,M,30
826,Bernardo,345985,3,8,M,30
827,Fernanda,346243,2,7,M,30
828,Demarcus,346379,3,8,F,30
829,Aidan,346621,4,9,M,30
830,Berenice,346896,5,10,F,30
831,Colten,346913,6,11,M,30
832,Emilio,347069,4,9,M,30
833,Carly,347277,9,14,F,30
834,Elisabeth,347421,6,11,M,30
835,Adriana,347924,8,13,M,30
836,Daniella,348033,6,11,M,30
837,Antony,348434,6,11,M,30
838,Alice,348723,4,9,M,30
839,Alaina,349056,7,12,M,30
840,Brisa,349070,5,10,M,30
841,Alana,349313,7,12,M,30
842,Grayson,350608,5,10,F,30
843,Carley,351823,5,10,M,30
844,Carli,351981,6,11,M,30
845,Alice,352251,4,9,M,30
846,Devante,355084,2,7,M,30
847,Justice,355138,5,10,F,30
848,Jairo,355209,4,9,F,30
849,Efren,355667,5,10,M,30
850,Abbigail,355725,9,14,F,30
851,Carina,355759,3,8,M,30
852,Abby,355819,4,9,F,30
853,Dillon,356549,2,7,M,30
854,Corey,357092,6,11,F,30
855,Chaya,357404,4,9,M,30
856,Gabriella,357573,6,11,M,30
857,Joseph,357814,3,8,M,30
858,Barbara,358547,1,6,M,30
859,Jorge,358684,4,9,M,30
860,Jacqueline,358828,2,7,M,30
861,Gavin,358916,9,14,M,30
862,Candice,359814,3,8,M,30
863,Dominique,361121,4,9,M,30
864,Akira,361357,4,9,M,30
865,Alison,361418,1,6,F,30
866,Eleanor,361782,5,10,M,30
867,Andrew,361825,2,7,F,30
868,Colleen,362011,6,11,M,30
869,Emilia,363228,5,10,M,30
870,Ellie,363378,8,13,M,30
871,Jamir,363452,4,9,F,30
872,Antony,363471,9,14,F,30
873,Andres,363893,6,11,F,30
874,Ellen,364018,1,6,M,30
875,Alisha,364061,6,11,M,30
876,Francisco,364666,2,7,F,30
877,Eric,364729,4,9,M,30
878,Houston,365061,5,10,M,30
879,Antoine,365181,5,10,M,30
880,Abdullah,366188,5,10,M,30
881,Anthony,366660,5,10,M,30
882,Fatima,366774,2,7,M,30
883,Daniela,367274,2,7,F,30
884,Ismael,367596,6,11,M,30
885,Ethan,368259,5,10,M,30
886,Justin,368348,1,6,F,30
887,Deshawn,368534,3,8,M,30
888,Cassie,368722,1,6,M,30
889,Joseph,368869,4,9,M,30
890,Janie,369180,8,13,M,30
891,Emanuel,369235,5,10,M,30
892,Bethany,369901,6,11,M,30
893,Alan,370274,4,9,F,30
894,Jaquelin,371581,7,12,M,30
895,Destinee,371905,5,10,F,30
896,Corbin,372174,3,8,M,30
897,Jaylene,372195,7,12,F,30
898,Erin,373366,10,15,F,30
899,Fiona,373520,2,7,M,30
900,Danny,373635,5,10,F,30
901,Brianne,373937,4,9,F,40
902,Catalina,374268,3,8,M,37
903,Brock,374319,6,11,M,38
904,Davin,375169,4,9,M,30
905,Cierra,375338,3,8,F,35
906,Haleigh,375439,3,8,F,38
907,Emerson,375570,4,9,M,38
908,Enrique,375894,5,10,M,39
909,Joel,376228,5,10,M,35
910,Haylie,376500,5,10,M,40
911,Addison,376853,4,9,M,35
912,Armani,377161,3,8,F,38
913,Gillian,377875,9,14,M,35
914,Calista,377913,3,8,F,31
915,Hector,377995,6,11,F,32
916,Derek,378100,5,10,M,36
917,Eric,378405,4,9,M,35
918,Abigayle,378579,8,13,M,36
919,Andy,378721,5,10,F,36
920,Angel,379392,4,9,M,33
921,Dalia,379477,3,8,M,31
922,Danny,379752,10,15,F,31
923,Elliott,380397,8,13,M,35
924,Jayde,381503,4,9,M,32
925,Elyssa,381828,2,7,F,40
926,Hope,381909,5,10,M,31
927,Bennett,382831,9,14,F,39
928,Cheyenne,383466,5,10,M,39
929,Cayden ,383507,3,8,M,34
930,Jailyn,384580,4,9,F,40
931,Jade,384811,3,8,F,38
932,Brynn,387009,5,10,M,36
933,Jarod,387121,6,11,M,32
934,Colten,387136,4,9,F,39
935,Frankie,387456,4,9,M,33
936,Dante,387562,7,12,F,32
937,Freddie,387565,8,13,F,34
938,Alanis,387660,10,15,F,38
939,Jaheem,387783,9,14,M,39
940,Francesca,388719,5,10,M,37
941,Bria,388880,4,9,F,35
942,Isiah,389144,4,9,M,33
943,Haven,389158,2,7,M,30
944,Byron,389737,6,11,M,37
945,Alexia,390296,1,6,F,37
946,Harley,390370,4,9,F,39
947,Ean,390619,4,9,M,36
948,Elsa,390843,7,12,M,36
949,Carmen,391211,6,11,F,38
950,Draven,391715,6,11,M,35
951,Addison,391775,3,8,M,39
952,Chana,392124,5,10,F,38
953,Cadence,392330,8,13,M,36
954,Gabriela,392551,7,12,M,39
955,Chelsea,392929,6,11,F,32
956,Jessie,393255,3,8,F,33
957,Jean,393470,2,7,M,38
958,Armani,393669,5,10,M,39
959,Christian,393749,4,9,M,40
960,Jeff,393976,4,9,F,38
961,Arthur,394144,7,12,M,32
962,Jeff,394765,2,7,M,30
963,Jaquan,394784,4,9,M,34
964,Braiden,394795,6,11,F,37
965,David,394931,7,12,F,40
966,Alberto,395764,4,9,M,32
967,Isiah,395799,5,10,M,38
968,Jolie,396036,2,7,M,37
969,Cierra,396040,10,15,M,33
970,Jaheim,396219,3,8,M,30
971,Domenic ,396483,5,10,M,33
972,Jonathan,397003,3,8,M,35
973,Eliza,397127,5,10,M,37
974,Bella,397251,6,11,M,39
975,Carina,397606,4,9,M,40
976,Colby,398013,10,15,M,30
977,Camden,398783,4,9,M,34
978,Felipe,399796,2,7,M,33
979,Destiney,399976,4,9,M,36
980,Erica,400133,5,10,M,35
981,Alessandra,400192,4,9,M,38
982,Alicia,400266,2,7,M,39
983,Jace,400455,3,8,F,33
984,Dianna,400474,4,9,F,30
985,Conner,400600,7,12,F,34
986,Brandy,400755,4,9,M,40
987,Coleman,402194,4,9,M,38
988,Calvin,402249,8,13,F,35
989,Joaquin,402647,2,7,M,40
990,Heather,403019,5,10,M,38
991,Alanna,403875,2,7,F,36
992,Jairo,403960,7,12,M,30
993,Abigail,403998,4,9,M,34
994,Grayson,404049,2,7,M,39
995,Bryce,404919,4,9,F,36
996,Conor,405216,3,8,M,38
997,Candace,405801,6,11,M,36
998,Arthur,405926,2,7,F,32
999,Jaden,406204,6,11,M,33
1000,Alexis,406302,7,12,M,40
1001,Cade,406633,5,10,M,40
1002,Bruno,407095,4,9,M,40
1003,Brianne,407143,6,11,F,40
1004,Cornelius,407816,4,9,M,40
1005,Cole,408424,3,8,M,40
1006,Harley,408912,3,8,F,40
1007,Alexis,409365,4,9,F,40
1008,Devin,409384,4,9,F,40
1009,Janiya,409449,3,8,F,40
1010,Denisse,410072,10,15,F,40
1011,Carlie,410094,4,9,M,40
1012,Brittney,410310,4,9,F,40
1013,Deasia,410597,3,8,M,40
1014,Gretchen,410948,4,9,M,40
1015,Dalia,411014,4,9,F,40
1016,Jacey,411307,1,6,M,40
1017,Alessandra,412026,2,7,F,40
1018,Colt,412766,5,10,M,40
1019,Felipe,412838,5,10,F,40
1020,Brad,412985,8,13,M,40
1021,Jaiden,413707,2,7,M,40
1022,Adrienne,414192,10,15,M,40
1023,Abbie,414838,7,12,F,40
1024,Jadyn,414869,3,8,F,40
1025,Amarion,415010,4,9,M,40
1026,Daphne,415058,4,9,M,40
1027,Guadalupe,415249,4,9,M,40
1028,Gerald,415282,3,8,M,40
1029,Brianne,415355,3,8,M,40
1030,Jaliyah,415854,4,9,F,40
1031,Jean,416135,6,11,M,40
1032,Armando,416261,4,9,M,40
1033,Dustin,416767,10,15,F,40
1034,Felicia,417777,8,13,F,40
1035,Christina,417832,3,8,M,40
1036,Garett,418226,5,10,F,40
1037,Alvin,418716,3,8,F,40
1038,Irving,418827,1,6,M,40
1039,Cindy,418886,7,12,M,40
1040,Colby,418891,2,7,F,40
1041,Isaiah,419436,9,14,M,40
1042,Evelyn,419647,6,11,F,40
1043,Henry,419803,4,9,F,40
1044,Jakobe,420001,5,10,F,40
1045,Brandy,421447,3,8,F,40
1046,Darien,421956,10,15,M,40
1047,Joshua,421972,4,9,M,40
1048,Gina,422065,2,7,M,40
1049,Bilal,422232,3,8,M,40
1050,Finn,422362,5,10,M,40
1051,Hope,422531,5,10,M,40
1052,Ivan,423015,2,7,M,40
1053,Abel,423050,5,10,F,40
1054,Arnold,423348,6,11,M,40
1055,Adrianna,423407,2,7,F,40
1056,Hannah,424351,6,11,M,40
1057,Adonis,424623,1,6,F,40
1058,Adrien,425804,2,7,F,40
1059,Dexter,425825,3,8,M,40
1060,Dorian,426333,9,14,F,40
1061,Alina,426410,6,11,M,40
1062,Devon,426525,7,12,F,40
1063,Haylee,426719,3,8,M,40
1064,Darius,427082,7,12,F,40
1065,Harley,427106,7,12,F,40
1066,Alexandro,427195,3,8,M,40
1067,Carla,427331,1,6,M,40
1068,Brianna,427409,3,8,M,40
1069,Ella,427608,4,9,M,40
1070,Grace,428139,3,8,M,40
1071,Joana,428183,8,13,M,40
1072,Brent,428674,3,8,F,40
1073,Garrett,428915,3,8,F,40
1074,Damian,429144,5,10,M,40
1075,Helen,429417,2,7,F,40
1076,Griffin,429795,5,10,M,40
1077,Devon,429837,7,12,F,40
1078,Brooke,430184,2,7,F,40
1079,Blaine,430285,7,12,M,40
1080,Jake,430506,4,9,M,40
1081,Jaydon,430665,6,11,M,40
1082,Aiyana,430821,6,11,F,40
1083,Ainsley,430865,2,7,M,40
1084,Clarissa,430900,7,12,F,40
1085,Gilberto,431265,2,7,M,40
1086,Abel,431500,1,6,M,40
1087,Jarrett,431870,4,9,M,40
1088,Donovan,431894,1,6,M,40
1089,Chaim,431998,4,9,M,40
1090,Aiden,432294,5,10,M,40
1091,Abbigail,432510,10,15,M,40
1092,Gage,432581,3,8,F,40
1093,Belen,432798,3,8,M,40
1094,Haylie,432912,1,6,F,40
1095,Dakota,433525,1,6,F,40
1096,Frances,434428,4,9,M,40
1097,Bernardo,434824,10,15,M,40
1098,Jamar,434918,3,8,F,40
1099,Bethany,435040,9,14,M,40
1100,Albert,435176,3,8,F,40
1101,Conrad,435604,5,10,F,40
1102,German,435611,5,10,M,40
1103,Deonte,436061,4,9,F,40
1104,Chaz,436075,3,8,M,40
1105,Jamir,436395,4,9,F,40
1106,Amari,436476,4,9,F,40
1107,Claire,436910,3,8,M,40
1108,Devon,437211,5,10,M,40
1109,Braden,437275,5,10,F,40
1110,Dallin,437346,5,10,F,40
1111,Ethan,438226,6,11,M,40
1112,Julianne,438734,7,12,F,40
1113,Itzel,438971,6,11,M,40
1114,Arthur,439520,7,12,M,40
1115,Camryn,439705,1,6,M,40
1116,Alvaro,439915,6,11,F,40
1117,Jaylynn,440014,5,10,M,40
1118,Cameron,440192,8,13,M,40
1119,Jackson,440578,5,10,M,40
1120,Herbert,440909,4,9,M,40
1121,Edward,441296,4,9,M,40
1122,Jailyn,441458,7,12,M,40
1123,Diane,441831,4,9,M,40
1124,Esperanza,441914,1,6,F,40
1125,Fabian,442006,4,9,F,40
1126,Chandler,442106,4,9,F,40
1127,Dayana,442433,6,11,M,40
1128,Eli,443809,3,8,F,40
1129,Hazel,444099,4,9,F,40
1130,Christopher,445541,6,11,M,40
1131,Cordell,446178,7,12,F,40
1132,Estefany,446283,6,11,M,40
1133,Jane,446294,4,9,M,40
1134,Enrique,446439,6,11,M,40
1135,Estrella,447370,2,7,F,40
1136,Dakota,448061,7,12,M,40
1137,Iris,448264,6,11,F,40
1138,Dale,448854,8,13,M,40
1139,Erika,449265,3,8,M,40
1140,Breonna,449662,2,7,M,40
1141,Herbert,450129,5,10,M,40
1142,Gavin,451247,5,10,M,40
1143,Jamie,451837,5,10,M,40
1144,Alessandro,451862,3,8,M,40
1145,Cali,452436,4,9,M,40
1146,Alfredo,452653,5,10,M,40
1147,Alden,452846,6,11,F,40
1148,Isai,453082,3,8,M,40
1149,Clifton,453296,8,13,F,40
1150,Daniel,453454,5,10,F,40
1151,Caiden,453881,5,10,M,40
1152,Bret,454039,5,10,F,40
1153,Ellis ,454112,4,9,F,40
1154,Janiya,454314,7,12,F,40
1155,Bridget,454318,3,8,F,40
1156,Deshaun,454350,4,9,M,40
1157,Dane,454574,10,15,F,40
1158,Genesis,455451,3,8,M,40
1159,Essence,455710,7,12,M,40
1160,Bryson,456395,1,6,F,40
1161,Ellen,456516,1,6,M,40
1162,Carly,456538,10,15,M,40
1163,Ciera,456622,1,6,M,40
1164,Aden,456647,8,13,M,40
1165,Jaden,457405,8,13,M,40
1166,Denzel,457816,9,14,M,40
1167,Abagail,458577,2,7,M,40
1168,Damian,458854,4,9,M,40
1169,Justine,459050,4,9,M,40
1170,Emilee,459143,4,9,M,40
1171,Isaac,460052,6,11,M,40
1172,Clare,460312,5,10,M,40
1173,Edith,460427,3,8,M,40
1174,Aja,460682,5,10,F,40
1175,Cora,460953,4,9,F,40
1176,Jaylynn,461021,2,7,M,40
1177,Deshawn,461220,2,7,M,40
1178,Emmalee,461582,4,9,F,40
1179,Jovani,461721,5,10,F,40
1180,Brynn,461793,6,11,F,40
1181,Eddie,461811,5,10,M,40
1182,Jeremiah,461876,6,11,M,40
1183,Heidi,461941,6,11,M,40
1184,Charlie,462498,10,15,F,40
1185,Carla,463046,3,8,F,40
1186,Cesar,465862,3,8,M,40
1187,Dillan,466002,7,12,F,40
1188,Darlene,466077,1,6,F,40
1189,Christiana,467302,4,9,M,40
1190,Carrie,467313,8,13,F,40
1191,Diane,467405,4,9,M,40
1192,Amir,467851,3,8,M,40
1193,Emily,468127,7,12,M,40
1194,Diana,468201,4,9,M,40
1195,Ericka,468648,7,12,F,40
1196,Jakob,468747,7,12,M,40
1197,Eleanor,469052,6,11,M,40
1198,Desmond,469305,4,9,M,40
1199,Davin,469523,5,10,M,40
1200,Brennan,469548,6,11,M,40
1201,Fernando,469608,4,9,M,40
1202,Drew,469737,6,11,M,40
1203,Aditya,469886,1,6,F,40
1204,Darren,470444,4,9,M,40
1205,Cory,470661,4,9,M,40
1206,Jadyn,470906,5,10,M,40
1207,Belen,471122,4,9,M,40
1208,Blake,471177,4,9,F,40
1209,Jeffery,471503,2,7,M,40
1210,Dominique,471715,5,10,M,40
1211,Ireland,472194,3,8,M,40
1212,Jakob,472441,6,11,M,40
1213,Jarred,472515,4,9,F,40
1214,Camila,472783,2,7,M,40
1215,Darius,472884,4,9,F,40
1216,Gustavo,473013,5,10,F,40
1217,Celia,473020,3,8,M,40
1218,Clara,473470,4,9,F,40
1219,Adolfo,474150,8,13,F,40
1220,Jadyn,474297,9,14,M,40
1221,Abbey,474518,2,7,M,40
1222,Joslyn,474989,6,11,M,40
1223,Alisa,475555,4,9,M,40
1224,Cade,475701,1,6,M,40
1225,Charlotte,475719,7,12,M,40
1226,Deborah,475792,4,9,M,40
1227,Emilee,475881,3,8,F,40
1228,Haley,475895,2,7,F,40
1229,Hudson,476103,10,15,F,40
1230,Ethan,476244,6,11,M,40
1231,Angel,476313,9,14,M,40
1232,Bryana,476364,5,10,M,40
1233,Corbin,476630,1,6,M,40
1234,Frank,476810,9,14,M,40
1235,Elliott,477153,4,9,M,40
1236,Arturo,477259,3,8,M,40
1237,Joana,477981,3,8,M,40
1238,Barbara,478092,6,11,M,40
1239,Elisha,478151,4,9,M,40
1240,Fernanda,478210,5,10,M,40
1241,Abigale,478443,6,11,F,40
1242,Bailee,478556,4,9,F,40
1243,Genesis,478608,9,14,F,40
1244,Christopher,479317,4,9,M,40
1245,Jermaine,479867,4,9,F,40
1246,Hayden,479976,8,13,M,40
1247,Jaida,480157,10,15,F,40
1248,Abigayle,480405,7,12,M,40
1249,Jeremiah,481143,3,8,M,40
1250,Jacob,481689,5,10,F,40
1251,Dakota,481760,7,12,F,40
1252,Jovany,482472,6,11,M,40
1253,Houston,483045,6,11,M,40
1254,Jaylan,483375,4,9,M,40
1255,Halle,483447,5,10,M,40
1256,Alicia,483449,6,11,M,40
1257,Deasia,483473,4,9,F,40
1258,Crystal,483844,3,8,M,40
1259,Jonathan,483997,5,10,M,40
1260,Allan,484209,7,12,F,40
1261,Dominic,484370,7,12,F,40
1262,Braydon,484411,6,11,M,40
1263,Alena,484941,5,10,F,40
1264,Alexzander,485124,3,8,M,40
1265,Julie,485327,3,8,M,40
1266,Elsa,485425,5,10,F,40
1267,Conner,485857,8,13,M,40
1268,Everett,485935,5,10,F,40
1269,Donte,486023,4,9,M,40
1270,Camren,486428,4,9,M,40
1271,Brody,487089,4,9,M,40
1272,Dallas,487265,2,7,F,40
1273,Julio,487356,6,11,F,40
1274,Darrius,487407,3,8,M,40
1275,Destinee,487435,1,6,F,40
1276,Heriberto,487584,3,8,F,40
1277,David,487870,6,11,M,40
1278,Aimee,488077,2,7,M,40
1279,Anderson,488147,4,9,M,40
1280,Diego,488193,4,9,M,40
1281,Janessa,488374,6,11,M,40
1282,Joe,488414,10,15,M,40
1283,Glenn,488713,6,11,F,40
1284,Isis,489986,2,7,F,40
1285,Daphne,490002,4,9,M,40
1286,Brendan,490385,3,8,F,40
1287,Gary,490593,4,9,F,40
1288,Christian,490874,5,10,F,40
1289,Janessa,491102,4,9,M,40
1290,Ben,491114,3,8,F,40
1291,Alberto,491254,4,9,M,40
1292,Chaim,491695,4,9,M,40
1293,Helena,492556,3,8,F,40
1294,Garrett,493617,6,11,F,40
1295,Gannon,493644,9,14,M,40
1296,Carmen,494777,5,10,F,40
1297,Guadalupe,495641,2,7,M,40
1298,Collin,495910,6,11,M,40
1299,Jazmine,496079,1,6,F,40
1300,Braiden,496282,2,7,M,40
1301,Fred,496304,3,8,M,40
1302,Julius,497012,7,12,M,40
1303,Jalen,497618,6,11,M,40
1304,Candice,497634,5,10,M,40
1305,Jose,498036,2,7,M,40
1306,Iliana,498295,2,7,M,40
1307,Jace,498524,5,10,M,40
1308,Colton,499075,1,6,F,40
1309,Brennen,499668,4,9,M,40
1310,Alex,499744,9,14,M,40
1311,Howard,499870,3,8,M,40
1312,Jarred,500313,4,9,M,40
1313,Bruce,500344,4,9,F,40
1314,Baylee,500448,3,8,M,40
1315,Hallie,501038,7,12,M,40
1316,Justus,501426,5,10,F,40
1317,Benny,501468,4,9,M,40
1318,Brendon,502207,5,10,M,40
1319,Forrest,502269,7,12,M,40
1320,Jair,502389,8,13,M,40
1321,Alden,502490,5,10,M,40
1322,Hunter,502983,4,9,M,40
1323,Alfonso,503034,4,9,M,40
1324,Ignacio,503276,8,13,M,40
1325,Adriana,503349,7,12,M,40
1326,Abraham,503468,4,9,M,40
1327,Eddy,503575,2,7,M,40
1328,Deborah,503659,6,11,F,40
1329,Cristopher,504035,5,10,M,40
1330,Dylan,504531,2,7,F,40
1331,Dillon,504680,5,10,M,40
1332,Alison,504793,3,8,F,40
1333,Gaige,505482,9,14,F,40
1334,Carissa,505576,7,12,F,40
1335,Gisselle,505593,3,8,M,40
1336,Jayden,505763,4,9,F,40
1337,Chandler,505965,6,11,M,40
1338,Hugo,506155,4,9,F,40
1339,Brooklyn,506269,2,7,M,40
1340,Haley,507773,3,8,M,40
1341,Fatima,507847,6,11,F,40
1342,Jean,507971,9,14,M,40
1343,Jaime,509589,7,12,F,40
1344,Harley,510098,6,11,M,40
1345,Jase,510310,3,8,F,40
1346,Emmett,511025,5,10,M,40
1347,Jazmyn,511426,4,9,M,40
1348,Abdiel,512981,2,7,F,40
1349,Deja,513027,5,10,M,40
1350,Aron,513115,9,14,F,40
1351,Elle,513187,4,9,M,40
1352,Calista,513986,2,7,F,40
1353,Brennan,514544,9,14,M,40
1354,Julia,514626,5,10,M,40
1355,Abbey,515666,1,6,F,40
1356,Cyrus,516655,2,7,M,40
1357,Felix,517046,6,11,M,40
1358,Cooper,517340,4,9,M,40
1359,Akira,517671,4,9,M,40
1360,Jaquelin,517807,2,7,F,40
1361,Colton,518027,2,7,M,40
1362,Claudia,518423,3,8,M,40
1363,Cory,518927,4,9,F,40
1364,Dangelo,519035,3,8,M,40
1365,Brett,519128,6,11,M,40
1366,Bria,519419,6,11,F,40
1367,Janet,519782,5,10,F,40
1368,Ibrahim,520663,4,9,F,40
1369,Eva,521105,2,7,F,40
1370,Estrella,522085,4,9,M,40
1371,Angelo,522684,4,9,M,40
1372,Heidi,522716,8,13,M,40
1373,Fidel,522735,4,9,M,40
1374,Colt,523697,7,12,F,40
1375,Ismael,523719,1,6,F,40
1376,Ciara,523809,6,11,F,40
1377,Branden,524062,4,9,M,40
1378,Elyssa,524287,3,8,M,40
1379,Jaiden,525521,5,10,M,40
1380,Chasity,526197,6,11,F,40
1381,Greyson,526444,5,10,F,40
1382,Caleb,526509,2,7,M,40
1383,Christine,526594,3,8,M,40
1384,Griffin,526663,3,8,M,40
1385,Coby,527283,3,8,M,40
1386,Gage,527348,5,10,F,40
1387,Dane,527393,5,10,M,40
1388,Bradley,527767,9,14,M,40
1389,Abagail,528596,6,11,F,40
1390,Abbie,529040,5,10,F,40
1391,Adan,529257,3,8,M,40
1392,Bilal,529538,4,9,M,40
1393,Aaliyah,529766,4,9,M,40
1394,Jenny,529823,4,9,M,40
1395,Eileen,530167,6,11,F,40
1396,Camron,530326,5,10,M,40
1397,Cullen,530362,2,7,M,40
1398,Heaven,530604,2,7,F,40
1399,Cassandra,530701,4,9,M,40
1400,Jayden,530767,6,11,F,40
1401,Cesar,530890,7,12,F,48
1402,Juan,531104,3,8,M,46
1403,Casey,531183,5,10,M,46
1404,Brice,531310,4,9,F,43
1405,Johanna,531390,3,8,F,48
1406,Alexus,532553,2,7,M,48
1407,Abril,532656,6,11,M,50
1408,Jasmin,533325,2,7,M,48
1409,Bryan,533403,4,9,F,50
1410,George,533441,8,13,F,47
1411,Damien,533483,3,8,F,45
1412,Cayla,533618,1,6,F,47
1413,Greyson,533789,3,8,M,48
1414,Eve,533929,9,14,F,42
1415,Jaylin,534030,4,9,F,43
1416,George,534281,1,6,M,45
1417,Jakayla,534918,4,9,M,49
1418,Dexter,535060,5,10,F,45
1419,Deshaun,535146,5,10,M,46
1420,Alijah,535240,5,10,M,42
1421,Jayla,535749,3,8,F,50
1422,Alexys,536204,4,9,M,42
1423,Addison,536735,5,10,F,44
1424,Destini,537121,4,9,M,46
1425,Joyce,537267,3,8,F,45
1426,Jeffery,537325,3,8,M,46
1427,Aleah,537436,5,10,M,48
1428,Joyce,537694,2,7,M,46
1429,Brooklyn,538300,5,10,M,43
1430,Andy,538624,10,15,F,47
1431,Grant,539404,5,10,M,46
1432,Elisa,540013,6,11,M,45
1433,Gianni,541260,3,8,F,42
1434,Brennen,541345,10,15,M,49
1435,Darrell,541356,6,11,M,48
1436,Heriberto,541892,4,9,F,48
1437,Gordon,541950,4,9,F,49
1438,Dominique,542379,3,8,M,41
1439,Jeffrey,542621,5,10,M,48
1440,Jalyn,543195,5,10,M,41
1441,Jaelyn,543236,7,12,F,47
1442,Estevan,543461,2,7,M,49
1443,Alaina,543766,6,11,F,50
1444,Brenna,543999,2,7,F,46
1445,Hailee,544184,3,8,M,48
1446,Chaya,544591,3,8,M,44
1447,Imani,545128,7,12,M,49
1448,Eddie,545156,4,9,F,41
1449,Hugo,545427,2,7,F,43
1450,Cali,546630,4,9,M,40
1451,Ezequiel,547281,5,10,F,41
1452,Catalina,547548,3,8,M,44
1453,Jaidyn,548990,5,10,F,45
1454,Hannah,549108,10,15,M,49
1455,Aileen,549401,3,8,M,40
1456,Johana,549433,3,8,M,41
1457,Jenna,549488,6,11,M,50
1458,Berenice,549571,2,7,M,47
1459,Immanuel,550393,3,8,M,50
1460,Jessica,550651,5,10,M,50
1461,Gabriel,551194,9,14,F,44
1462,Destiny,551765,4,9,M,42
1463,Hunter,552075,2,7,M,44
1464,Jada,552160,7,12,M,41
1465,Desiree,552343,4,9,F,42
1466,Bridget,552440,8,13,M,47
1467,Jennifer,552533,4,9,M,46
1468,Julius,552836,4,9,M,48
1469,Brady,553181,8,13,M,41
1470,Coby,553450,3,8,M,45
1471,Damion,553457,7,12,M,47
1472,Hailey,553554,2,7,M,47
1473,Devan,553875,8,13,M,42
1474,Carlton,554717,1,6,M,44
1475,Jaime,554937,5,10,M,47
1476,Ali,555316,4,9,F,45
1477,Dominick,555714,8,13,M,45
1478,Christa,556751,4,9,M,49
1479,Jagger,556753,3,8,M,45
1480,Billy,556959,5,10,M,46
1481,Dasia,557097,3,8,M,49
1482,Jerome,557276,3,8,M,43
1483,Jonathon,557742,6,11,F,43
1484,Jaida,558102,4,9,F,47
1485,Esperanza,558699,3,8,M,41
1486,Ali,558757,3,8,M,45
1487,Ahmad,558929,6,11,F,44
1488,Jarrod,558982,5,10,M,45
1489,Bradley,559899,4,9,M,44
1490,Josef,559978,7,12,F,42
1491,Dalton,560163,2,7,M,43
1492,Jazmin,560431,4,9,F,45
1493,Cassandra,560498,5,10,F,41
1494,Branden,561229,6,11,M,46
1495,Danna,561298,1,6,F,49
1496,Brandon,561480,10,15,F,49
1497,Jabari,561545,5,10,F,43
1498,Jeffery,561661,3,8,M,41
1499,Jordon,561698,5,10,M,40
1500,Evan,561939,3,8,M,41
1501,Gina,562258,3,8,F,50
1502,Jaheim,562959,4,9,F,50
1503,Jena,564704,4,9,M,50
1504,Gina,564870,4,9,M,50
1505,Jarrett,564876,5,10,M,50
1506,Brendon,565366,4,9,M,50
1507,Efrain,565900,4,9,M,50
1508,Jaelyn,565905,3,8,M,50
1509,Blanca,566901,9,14,F,50
1510,Aiden,567108,5,10,M,50
1511,Brad,567298,3,8,M,50
1512,Cody,568284,4,9,F,50
1513,Daryl,568544,3,8,F,50
1514,Emily,568784,1,6,M,50
1515,Ean,569787,6,11,M,50
1516,Devin,569821,9,14,M,50
1517,Justice,569945,5,10,M,50
1518,Gabriella,570856,7,12,M,50
1519,Giana,571745,7,12,F,50
1520,Jake,571989,2,7,M,50
1521,Geoffrey,572434,5,10,M,50
1522,Gino,573119,4,9,M,50
1523,Jalynn,573662,7,12,F,50
1524,Aleah,573891,6,11,F,50
1525,Darian,574249,5,10,M,50
1526,Cyrus,574559,4,9,M,50
1527,Carlton,574711,2,7,F,50
1528,Jadyn,574755,5,10,F,50
1529,Grace,574919,3,8,M,50
1530,Bruno,575130,2,7,F,50
1531,Celia,575265,8,13,F,50
1532,Billy,575340,4,9,M,50
1533,Dulce,576075,5,10,M,50
1534,Dylan,576077,4,9,M,50
1535,Billy,576358,3,8,F,50
1536,Greta,576862,5,10,M,50
1537,Bruce,576925,5,10,M,50
1538,Alexandro,577159,2,7,M,50
1539,Gaven,577224,4,9,M,50
1540,Jazlyn,577720,1,6,M,50
1541,Gavyn,577879,4,9,M,50
1542,Jose,578375,4,9,M,50
1543,Desiree,578437,9,14,M,50
1544,Jaylin,578595,7,12,F,50
1545,Cale,578836,7,12,M,50
1546,Alanna,579062,4,9,F,50
1547,Jaylyn,579216,5,10,M,50
1548,Deja,579540,4,9,F,50
1549,Cynthia,579559,4,9,M,50
1550,Catherine,579653,1,6,M,50
1551,Dana,579749,4,9,M,50
1552,Jameson,580384,7,12,M,50
1553,Clarissa,580563,6,11,M,50
1554,Joy ,580899,2,7,M,50
1555,Fidel,581785,4,9,F,50
1556,Jamie,582070,3,8,M,50
1557,Jesse,582092,2,7,M,50
1558,Aiyana,582214,7,12,M,50
1559,Aimee,582757,5,10,M,50
1560,Bernard,583020,5,10,M,50
1561,Branden,583357,5,10,M,50
1562,Duane,583492,5,10,M,50
1563,Ari,583812,9,14,F,50
1564,Brett,584160,4,9,M,50
1565,Dylon,584610,6,11,F,50
1566,Darwin,584722,4,9,M,50
1567,Branden,585443,4,9,F,50
1568,Danielle,586348,6,11,F,50
1569,Darion,586591,7,12,F,50
1570,Darnell,587032,7,12,M,50
1571,Julian,587198,5,10,F,50
1572,Conrad,587288,7,12,F,50
1573,Giselle,587473,5,10,F,50
1574,Giancarlo,587740,5,10,M,50
1575,Bo,588314,3,8,M,50
1576,Josephine,588355,4,9,M,50
1577,Ellie,588776,3,8,F,50
1578,Gavin,589146,4,9,F,50
1579,Johanna,589294,2,7,F,50
1580,Brielle,589522,4,9,M,50
1581,Barbara,589601,8,13,M,50
1582,Cortez,589805,5,10,M,50
1583,Gia,589858,6,11,M,50
1584,Charity,590171,3,8,M,50
1585,Brian,590720,5,10,M,50
1586,Carrie,590922,4,9,M,50
1587,Alexander,591295,9,14,M,50
1588,Edwin,591918,7,12,M,50
1589,Brianna,591924,9,14,F,50
1590,Breana,592076,6,11,M,50
1591,Hana,592326,4,9,M,50
1592,Brynn,592403,2,7,M,50
1593,Deven,593105,6,11,F,50
1594,Armando,593309,4,9,M,50
1595,Gilbert,593439,5,10,M,50
1596,Bennett,593556,6,11,M,50
1597,Jordan,593691,5,10,F,50
1598,Alisha,593714,1,6,F,50
1599,Easton,593782,5,10,M,50
1600,Jovani,593808,7,12,M,50
1601,Damaris,594178,6,11,M,50
1602,Joelle,594278,10,15,F,50
1603,Brennan,594326,2,7,M,50
1604,Elle,594709,6,11,M,50
1605,Jon,594723,5,10,M,50
1606,Edwin,595023,9,14,M,50
1607,Angel,595507,2,7,F,50
1608,Carter,596033,4,9,F,50
1609,Christina,596168,1,6,M,50
1610,Emma,596307,5,10,M,50
1611,Colleen,596794,2,7,F,50
1612,Braulio,596807,8,13,M,50
1613,Edgardo,597641,4,9,M,50
1614,Collin,597700,2,7,M,50
1615,Janae,597791,3,8,M,50
1616,Abril,598389,5,10,M,50
1617,Jaydon,598613,4,9,M,50
1618,Colten,598906,5,10,F,50
1619,Edgar,598981,4,9,M,50
1620,Itzel,599007,3,8,M,50
1621,Aden,599394,6,11,M,50
1622,Christine,599460,6,11,M,50
1623,Cristopher,599528,2,7,M,50
1624,Alia,600301,4,9,M,50
1625,Cale,600394,3,8,F,50
1626,Devyn,600491,4,9,F,50
1627,Ingrid,600498,4,9,F,50
1628,Donna,600553,4,9,M,50
1629,Braulio,601609,4,9,M,50
1630,Bruno,601763,4,9,M,50
1631,Callie,602081,4,9,M,50
1632,Jordy,602325,4,9,F,50
1633,Jaquelin,602554,5,10,M,50
1634,Cheyanne,602565,3,8,F,50
1635,Alijah,602709,4,9,F,50
1636,Emanuel,602895,5,10,F,50
1637,Jamar,603071,4,9,M,50
1638,Alexandrea,603583,8,13,M,50
1639,Blaise,604196,9,14,F,50
1640,Isabella,605501,2,7,M,50
1641,Desmond,605769,4,9,M,50
1642,Hayden,605811,4,9,F,50
1643,Greta,605943,4,9,M,50
1644,Baylee,605972,7,12,M,50
1645,Justus,605996,7,12,F,50
1646,Jaqueline,606059,7,12,M,50
1647,Citlali,606136,4,9,F,50
1648,Dwight,606610,4,9,F,50
1649,Greta,606728,3,8,M,50
1650,Ezequiel,606862,3,8,M,50
1651,Judah,607044,4,9,M,50
1652,Dana,607300,5,10,M,50
1653,Brenna,607590,3,8,F,50
1654,Alessandro,607686,5,10,F,50
1655,Brent,608262,1,6,M,50
1656,Emilie,608319,2,7,M,50
1657,Jair,609659,4,9,M,50
1658,Candace,610541,6,11,M,50
1659,Dandre,610544,4,9,F,50
1660,Darlene,610656,7,12,F,50
1661,Jorden,611206,3,8,M,50
1662,Jaren,611213,4,9,M,50
1663,Judith,611659,4,9,M,50
1664,Deborah,611775,2,7,F,50
1665,Julia,611994,4,9,M,50
1666,Andrew,612410,9,14,M,50
1667,Hadley,612918,9,14,M,50
1668,Jadon,612959,7,12,M,50
1669,Chloe,613284,3,8,M,50
1670,Jimmy,613382,8,13,M,50
1671,Julia,613412,4,9,M,50
1672,Elaina,613757,3,8,F,50
1673,Arjun,614008,5,10,F,50
1674,Armani,614316,5,10,F,50
1675,Gideon,614574,8,13,M,50
1676,Douglas,614682,6,11,M,50
1677,Francisco,614995,4,9,M,50
1678,Jeffrey,615017,8,13,M,50
1679,Josh,615019,2,7,F,50
1680,Jaylon,615601,4,9,M,50
1681,Jalynn,615617,4,9,M,50
1682,Jovan,616035,1,6,F,50
1683,Elvin,616670,7,12,F,50
1684,Dominick,616761,4,9,M,50
1685,Elijah,617490,3,8,M,50
1686,Elizabeth,617926,4,9,M,50
1687,Corey,618621,5,10,F,50
1688,Alex,618798,2,7,M,50
1689,Abdullah,618904,4,9,M,50
1690,Derrick,618938,1,6,M,50
1691,Abdullah,619246,5,10,M,50
1692,Jasmyn,619512,4,9,M,50
1693,Jabari,619615,2,7,F,50
1694,Eliezer,620742,10,15,M,50
1695,Izaiah,621210,4,9,M,50
1696,Dashawn,621238,9,14,F,50
1697,Brianna,621992,5,10,M,50
1698,Destinee,621999,3,8,M,50
1699,Hana,622467,4,9,F,50
1700,Alexandre,622635,8,13,M,50
1701,Chelsey,622638,6,11,M,50
1702,Alan,622654,4,9,M,50
1703,Eugene,622972,2,7,M,50
1704,Cameron,623609,5,10,M,50
1705,Cortez,623737,8,13,F,50
1706,Brittany,623995,5,10,M,50
1707,Israel,624616,6,11,M,50
1708,Albert,624633,8,13,M,50
1709,Dandre,624936,9,14,F,50
1710,Domenic ,624989,5,10,F,50
1711,Jaheem,625126,5,10,M,50
1712,Cassidy,625135,6,11,F,50
1713,Carson,625289,7,12,M,50
1714,Jasmin,625521,8,13,M,50
1715,Gwendolyn,625637,5,10,F,50
1716,Brayan,625871,3,8,M,50
1717,Jayda,626865,2,7,M,50
1718,Blaze,627647,5,10,F,50
1719,Charlie,627833,3,8,M,50
1720,Braedon,627854,4,9,M,50
1721,Cadence,627932,4,9,F,50
1722,Drake,627999,4,9,M,50
1723,Abby,628355,5,10,M,50
1724,Bryce,628520,5,10,F,50
1725,Ariel,628930,5,10,F,50
1726,Emely,629539,4,9,M,50
1727,Alonso,630045,3,8,F,50
1728,Eliana,630179,3,8,M,50
1729,Isaak,630404,7,12,M,50
1730,Garrison,630931,4,9,M,50
1731,Antwan,630957,5,10,F,50
1732,Eliza,630963,8,13,M,50
1733,Jacob,631470,1,6,F,50
1734,Corinne,632252,6,11,M,50
1735,Camille,632336,2,7,M,50
1736,Juliana,632420,8,13,F,50
1737,Giselle,632794,5,10,M,50
1738,Jaime,632852,4,9,M,50
1739,Donovan,632929,2,7,M,50
1740,Casey,633005,5,10,M,50
1741,Jaylen,634011,3,8,M,50
1742,Celeste,634301,6,11,M,50
1743,Devin,634507,1,6,M,50
1744,Christine,634554,1,6,F,50
1745,Darryl,634869,3,8,F,50
1746,Bailee,635311,3,8,M,50
1747,Julianna,635586,4,9,M,50
1748,Jagger,635758,4,9,F,50
1749,Cedric,635975,2,7,F,50
1750,Brooke,636631,5,10,F,50
1751,Jonatan,636916,2,7,F,50
1752,Bennett,637195,1,6,F,50
1753,Blanca,637391,5,10,F,50
1754,Gwendolyn,637967,7,12,M,50
1755,Clay,638212,8,13,M,50
1756,Jaylin,638224,8,13,F,50
1757,Holly,638300,4,9,F,50
1758,Camila,638351,2,7,M,50
1759,Bryanna,638530,4,9,M,50
1760,Cristobal,638944,2,7,M,50
1761,Jewel,639023,4,9,F,50
1762,Cameron,639709,5,10,F,50
1763,Giovanna,639942,3,8,F,50
1764,Gracie,640005,2,7,M,50
1765,Brenden,640264,3,8,M,50
1766,Brad,640280,10,15,M,50
1767,Eve,640464,1,6,M,50
1768,Jordyn,641472,4,9,M,50
1769,Judah,641630,7,12,M,50
1770,Aleah,642009,8,13,M,50
1771,Andy,642126,4,9,M,50
1772,Gabrielle,642285,3,8,M,50
1773,Brooks,642401,6,11,F,50
1774,Domenic ,643021,7,12,M,50
1775,Carlos,643200,7,12,F,50
1776,Aaron,643602,4,9,M,50
1777,Bella,643765,4,9,F,50
1778,Brian,644099,3,8,M,50
1779,Janessa,645087,2,7,F,50
1780,Adan,645691,4,9,M,50
1781,Dylan,646512,3,8,M,50
1782,Charles,646994,4,9,F,50
1783,Chris,647112,9,14,F,50
1784,Hugh,647398,4,9,M,50
1785,Jeremiah,647505,10,15,M,50
1786,Isis,647676,6,11,M,50
1787,Jarvis,647675,1,6,M,50
1788,Jerome,647781,4,9,F,50
1789,Grant,647823,3,8,F,50
1790,Abigale,647938,3,8,F,50
1791,Hadley,648278,2,7,M,50
1792,Brooklyn,648314,5,10,M,50
1793,Brielle,649241,6,11,M,50
1794,Emiliano,649569,1,6,M,50
1795,Amarion,650182,4,9,M,50
1796,Jovany,650246,6,11,M,50
1797,Jeanette,650278,2,7,F,50
1798,Elvis,650307,2,7,M,50
1799,Jaylen,650721,5,10,M,50
1800,Janet,650789,2,7,M,50
1801,Chaim,651235,4,9,M,50
1802,Helena,651382,5,10,M,50
1803,Elaine,651458,3,8,M,50
1804,Jane,652133,3,8,F,50
1805,Elisha,652448,7,12,M,50
1806,Frederick,652577,7,12,M,50
1807,Ezekiel,653144,3,8,M,50
1808,Jude,653764,4,9,M,50
1809,Carol,653960,2,7,M,50
1810,Alexia,654128,6,11,M,50
1811,Dalia,654176,2,7,F,50
1812,Eleanor,654349,2,7,F,50
1813,Elisa,654500,4,9,M,50
1814,Adeline,654583,6,11,M,50
1815,Alexa,654592,4,9,M,50
1816,Alina,654743,8,13,F,50
1817,Josie,654883,5,10,F,50
1818,Caitlyn,655029,7,12,F,50
1819,Isabell,655302,5,10,M,50
1820,Dennis,655654,3,8,F,50
1821,Desiree,655660,5,10,M,50
1822,Jailyn,655756,2,7,M,50
1823,Damaris,656051,2,7,M,50
1824,Jameson,656087,3,8,M,50
1825,Edward,656147,1,6,M,50
1826,Estefania,656665,2,7,F,50
1827,Clifton,657150,2,7,M,50
1828,Hailie,657426,2,7,M,50
1829,Adrienne,658117,6,11,M,50
1830,Hayden,658145,4,9,M,50
1831,Alex,658472,5,10,F,50
1832,Alfonso,660166,4,9,M,50
1833,Janiya,660299,7,12,F,50
1834,Johnny,660306,5,10,M,50
1835,Darius,660310,2,7,M,50
1836,Caroline,660493,2,7,M,50
1837,Abraham,660776,9,14,F,50
1838,Joey ,660782,4,9,M,50
1839,Alec,661284,3,8,M,50
1840,Essence,661464,2,7,M,50
1841,Bianca,661933,5,10,M,50
1842,Colleen,661979,7,12,M,50
1843,Cristian,662039,4,9,M,50
1844,Guillermo,662505,4,9,M,50
1845,Daquan,662844,3,8,M,50
1846,Elena,662855,5,10,F,50
1847,Garett,663382,2,7,M,50
1848,Carter,664083,5,10,M,50
1849,Desirae,664217,2,7,F,50
1850,Charlie,664260,6,11,M,50
1851,Casey,664821,5,10,F,50
1852,Jay,664851,5,10,M,50
1853,Brice,665635,4,9,F,50
1854,Emely,665865,5,10,F,50
1855,David,666033,7,12,M,50
1856,Jillian,666069,4,9,M,50
1857,Brock,666233,1,6,M,50
1858,Johan,666363,4,9,F,50
1859,Ari,667576,5,10,M,50
1860,Jaliyah,667602,2,7,M,50
1861,Beatriz,667720,1,6,F,50
1862,Estevan,667924,3,8,F,50
1863,Braxton,668013,7,12,M,50
1864,Bethany,669298,6,11,M,50
1865,Jaquez,669320,8,13,M,50
1866,Jenny,669681,4,9,M,50
1867,Devon,670218,4,9,M,50
1868,Harry,670322,4,9,F,50
1869,Jerry,670433,9,14,F,50
1870,Danna,670746,5,10,M,50
1871,Jaclyn,670909,10,15,F,50
1872,Halle,670961,3,8,M,50
1873,Jaydon,671710,5,10,M,50
1874,Dominik,671725,5,10,M,50
1875,Cali,672063,2,7,M,50
1876,Bilal,672201,3,8,F,50
1877,Cara,672684,8,13,M,50
1878,Justus,672996,2,7,M,50
1879,Alexis,673083,3,8,M,50
1880,Akira,673089,3,8,M,50
1881,Josiah,673369,3,8,M,50
1882,Jon,673388,10,15,M,50
1883,Devonte,673718,2,7,F,50
1884,Heath,674287,4,9,M,50
1885,Alvin,674541,5,10,M,50
1886,Antonio,675373,3,8,M,50
1887,Abraham,675494,2,7,M,50
1888,Alonzo,675761,4,9,M,50
1889,Douglas,676862,9,14,F,50
1890,Aja,677484,8,13,M,50
1891,Brad,678181,9,14,F,50
1892,Janae,678243,3,8,M,50
1893,Connor,678344,3,8,M,50
1894,Gael,679132,3,8,M,50
1895,Ben,679153,4,9,F,50
1896,Darby,679337,2,7,M,50
1897,Jerome,679566,5,10,M,50
1898,Estrella,679612,4,9,M,50
1899,Amari,679661,5,10,F,50
1900,Abram,679694,2,7,M,50
1901,Callie,679828,3,8,M,51
1902,Cristian,679981,8,13,F,55
1903,Cheyenne,680067,4,9,M,56
1904,Joselyn,680751,3,8,M,56
1905,Elle,681101,4,9,F,51
1906,Emilio,681787,8,13,M,52
1907,Camille,682829,8,13,M,60
1908,Alena,683027,5,10,M,53
1909,Anderson,683424,6,11,F,52
1910,Guadalupe,683575,4,9,M,54
1911,Andre,683628,8,13,M,54
1912,Harley,683794,4,9,M,58
1913,Alexandre,683906,3,8,F,53
1914,Coleman,684682,5,10,F,53
1915,Felicity ,685067,3,8,M,60
1916,Jenifer,685858,8,13,F,51
1917,Deanna,685924,2,7,M,52
1918,Joy ,686766,7,12,F,57
1919,Deandre,686832,3,8,F,50
1920,Ezra,687209,2,7,M,57
1921,Guillermo,687497,2,7,F,53
1922,Breana,687835,3,8,M,54
1923,Jace,688164,2,7,F,57
1924,Dennis,688267,4,9,F,57
1925,Garett,688548,4,9,M,57
1926,Gilbert,688735,2,7,F,54
1927,Jamel,689037,3,8,M,58
1928,Jaquan,689813,7,12,F,51
1929,Jane,690066,5,10,M,52
1930,Juliet,690326,8,13,M,51
1931,Giovanna,690669,2,7,M,57
1932,Bryana,690682,3,8,M,50
1933,Earl,690739,8,13,M,55
1934,Francis,690864,5,10,M,59
1935,Daryl,691022,1,6,M,59
1936,Dominique,691325,2,7,F,58
1937,Josiah,691630,4,9,F,57
1938,Curtis,691882,5,10,M,57
1939,Celina,691893,3,8,M,50
1940,Alexandrea,692300,10,15,M,54
1941,Jermaine,692790,2,7,M,50
1942,Franklin,692971,6,11,M,53
1943,Adan,693054,5,10,M,51
1944,Jazmine,693359,1,6,M,53
1945,Addison,693623,8,13,M,56
1946,Jamie,693637,4,9,M,59
1947,Justice,693681,2,7,M,58
1948,Bailey,694148,3,8,M,52
1949,Ariel,694206,3,8,M,51
1950,Ahmad,694502,3,8,F,51
1951,Hailee,694802,7,12,F,59
1952,Isabell,697573,2,7,M,52
1953,Alexus,698094,3,8,F,55
1954,Immanuel,698165,7,12,F,54
1955,Ahmed,698645,3,8,M,53
1956,Elmer,699617,3,8,F,54
1957,Donna,699761,2,7,F,59
1958,Jadon,699795,2,7,F,56
1959,Jonah,699898,4,9,M,60
1960,Erica,700315,9,14,M,50
1961,Blanca,700670,4,9,M,51
1962,Brent,700830,6,11,M,54
1963,Clifford,700915,1,6,F,59
1964,Jagger,701372,4,9,M,50
1965,Cristal,701412,7,12,F,50
1966,Casandra,701465,5,10,M,51
1967,Anton,701474,6,11,M,57
1968,Joe,701496,4,9,F,58
1969,Devyn,701523,6,11,M,50
1970,Braeden,701857,3,8,M,52
1971,Clayton,701875,1,6,F,51
1972,Finn,702018,2,7,M,52
1973,Ahmed,702062,4,9,M,53
1974,Darnell,702200,4,9,M,54
1975,Cornelius,702785,2,7,M,53
1976,Isaak,702983,7,12,M,52
1977,Aisha,702998,2,7,M,56
1978,Jase,703087,4,9,M,52
1979,Allan,703406,1,6,M,59
1980,Aidan,703534,7,12,M,56
1981,Giovanny,704121,10,15,M,60
1982,Diamond,704361,2,7,M,58
1983,Chelsey,704965,2,7,M,58
1984,Guy,705041,3,8,F,57
1985,Felipe,705712,9,14,M,51
1986,Christy,706564,2,7,M,55
1987,Brooklynn,706682,3,8,M,56
1988,Ian,706854,4,9,F,55
1989,Alexa,707199,8,13,F,52
1990,Jamal,707575,4,9,M,60
1991,Garret,707822,4,9,M,52
1992,Brandy,709201,6,11,M,57
1993,Dalton,709295,3,8,M,55
1994,Carley,709345,6,11,M,53
1995,Journey,709401,8,13,M,50
1996,Gannon,709505,2,7,F,53
1997,Josie,709680,2,7,M,55
1998,Giovanni,709769,8,13,M,51
1999,Cierra,709780,2,7,M,57
2000,Jasmin,710861,5,10,M,56
2001,Eduardo,710862,6,11,M,60
2002,Benjamin,710875,3,8,M,60
2003,Cason,710893,2,7,F,60
2004,Jessie,711567,8,13,M,60
2005,Dylan,711680,6,11,F,60
2006,Allen,712266,3,8,M,60
2007,Jason,712773,6,11,M,60
2008,Devon,713019,7,12,F,60
2009,Elyse,713094,5,10,M,60
2010,Elvin,713188,6,11,M,60
2011,Gianna,713837,4,9,M,60
2012,Jaime,713894,8,13,M,60
2013,Emmett,713931,3,8,M,60
2014,Adriana,714187,4,9,M,60
2015,Catherine,714206,5,10,M,60
2016,Erin,714483,1,6,M,60
2017,Janelle,715114,3,8,M,60
2018,Braedon,715468,2,7,F,60
2019,Bobby,716223,2,7,M,60
2020,Dakota,716245,2,7,M,60
2021,Berenice,716258,1,6,M,60
2022,Emilio,716361,5,10,M,60
2023,Houston,717035,7,12,M,60
2024,Chad,717266,5,10,M,60
2025,Josue,717342,5,10,M,60
2026,German,717431,1,6,M,60
2027,Dontae,717465,5,10,M,60
2028,Aaron,718143,5,10,M,60
2029,Harmony,718369,6,11,M,60
2030,Clare,718413,5,10,M,60
2031,Emely,718566,6,11,M,60
2032,Dallas,718757,4,9,M,60
2033,Jaheim,718832,6,11,M,60
2034,Felicia,718992,4,9,M,60
2035,Bryant,719207,2,7,M,60
2036,Holden,719237,3,8,F,60
2037,Alonso,719449,5,10,F,60
2038,Blaze,719513,10,15,F,60
2039,Gunner,720364,6,11,M,60
2040,Alex ,720398,5,10,M,60
2041,Fabiola,720430,4,9,M,60
2042,Gunnar,720446,3,8,F,60
2043,Calista,720906,4,9,M,60
2044,Dante,721330,8,13,F,60
2045,Garrison,721342,7,12,F,60
2046,Agustin,721344,3,8,M,60
2047,Glen,721563,3,8,F,60
2048,Alejandro,722020,5,10,F,60
2049,Daniel,722069,4,9,F,60
2050,Haley,722354,3,8,M,60
2051,Jeremy,722515,5,10,M,60
2052,Braiden,722694,4,9,F,60
2053,Antonio,722944,6,11,M,60
2054,Esther,722968,4,9,F,60
2055,Elyse,723232,3,8,M,60
2056,Jasper,723420,7,12,M,60
2057,Elaine,723521,5,10,F,60
2058,Christa,723524,4,9,M,60
2059,Jaeden,723572,10,15,M,60
2060,Jeanette,724281,8,13,F,60
2061,Aisha,724583,8,13,M,60
2062,Eden,724730,7,12,F,60
2063,Jessie,724819,2,7,M,60
2064,Joanna,725188,6,11,M,60
2065,Emma,725491,1,6,M,60
2066,Ivan,726059,6,11,F,60
2067,Cason,726233,3,8,M,60
2068,Israel,726592,8,13,M,60
2069,Aaron,726827,2,7,M,60
2070,Brendon,726843,10,15,M,60
2071,Eileen,726945,7,12,M,60
2072,Darrion,727830,4,9,F,60
2073,Alfred,728057,7,12,M,60
2074,Damon,728792,5,10,F,60
2075,Christiana,728829,5,10,F,60
2076,Gilberto,728875,5,10,M,60
2077,Diamond,729416,3,8,M,60
2078,Breana,730303,3,8,M,60
2079,Isaiah,730753,6,11,M,60
2080,Jarred,730770,3,8,M,60
2081,Jeremy,730822,7,12,M,60
2082,Francis,730843,3,8,M,60
2083,Hana,730948,2,7,M,60
2084,Johnny,730994,5,10,F,60
2085,Joanna,731038,2,7,M,60
2086,Joselyn,731129,3,8,F,60
2087,Adrian,731189,8,13,M,60
2088,Darren,731380,5,10,F,60
2089,Jorden,732438,3,8,M,60
2090,Carolyn,732453,4,9,F,60
2091,John,732536,5,10,M,60
2092,Hayley,732575,9,14,M,60
2093,Clinton,732895,3,8,M,60
2094,Justice,733290,1,6,F,60
2095,Abbie,733476,6,11,M,60
2096,Eliseo,733981,3,8,M,60
2097,Ibrahim,734198,3,8,F,60
2098,Aditya,734363,6,11,M,60
2099,Carson,734694,9,14,F,60
2100,Antoine,735166,6,11,M,60
2101,Arnold,735378,1,6,F,60
2102,Alex ,735385,4,9,M,60
2103,Devyn,735607,9,14,F,60
2104,Jacoby,735661,6,11,F,60
2105,Alexys,736276,3,8,M,60
2106,Jasmyn,736744,10,15,F,60
2107,Heath,736781,2,7,F,60
2108,Ainsley,736970,5,10,F,60
2109,Alexandrea,737040,4,9,M,60
2110,Everett,737698,2,7,M,60
2111,Collin,737894,4,9,F,60
2112,Brenna,738316,5,10,M,60
2113,Josephine,739817,9,14,F,60
2114,Jimmy,740094,5,10,M,60
2115,Alvaro,740518,6,11,M,60
2116,Alejandro,740977,3,8,F,60
2117,Itzel,741353,1,6,M,60
2118,Iliana,741928,7,12,F,60
2119,Grady,742780,8,13,F,60
2120,India,742828,5,10,M,60
2121,Giana,742946,9,14,M,60
2122,Devante,743178,9,14,F,60
2123,Gabriela,743907,2,7,M,60
2124,Darlene,744125,10,15,M,60
2125,Brandi,744254,5,10,M,60
2126,India,744819,1,6,M,60
2127,Gretchen,744824,8,13,F,60
2128,Connor,745029,3,8,F,60
2129,Carl,745056,6,11,M,60
2130,Adrian,745163,3,8,F,60
2131,Francis,745532,10,15,M,60
2132,Candice,746087,6,11,M,60
2133,Esperanza,746457,6,11,M,60
2134,Dulce,746475,3,8,F,60
2135,Cordell,746886,6,11,M,60
2136,Jaeden,747867,3,8,M,60
2137,Abel,748634,4,9,M,60
2138,Casandra,748664,5,10,M,60
2139,Jett,748903,1,6,M,60
2140,Deon,749500,3,8,F,60
2141,Breonna,749522,5,10,F,60
2142,Bryan,749918,2,7,M,60
2143,Frances,749955,4,9,F,60
2144,Brianna,750207,10,15,F,60
2145,Isaias,750396,9,14,F,60
2146,Jessie,750498,2,7,M,60
2147,Diana,750781,4,9,F,60
2148,Brayan,751093,3,8,M,60
2149,Abagail,751099,4,9,F,60
2150,Deon,751363,3,8,M,60
2151,Jack,751482,1,6,M,60
2152,Cole,751502,3,8,M,60
2153,Judith,751848,7,12,M,60
2154,Emerson,752653,5,10,F,60
2155,Justin,752879,7,12,M,60
2156,Isabel,753062,2,7,F,60
2157,Alexys,753353,3,8,M,60
2158,Deanna,753675,6,11,M,60
2159,Daniela,754106,3,8,F,60
2160,Arjun,754212,1,6,M,60
2161,Abril,754265,7,12,M,60
2162,Haylie,754503,5,10,M,60
2163,Courtney,754541,6,11,M,60
2164,Alana,754831,5,10,F,60
2165,Clark,755107,7,12,F,60
2166,Cameron,755256,1,6,M,60
2167,Dakota,755255,7,12,M,60
2168,Aidan,755291,5,10,F,60
2169,Jolie,755527,9,14,F,60
2170,Aisha,757644,6,11,F,60
2171,Jeremy,757703,5,10,F,60
2172,Juliet,758184,8,13,F,60
2173,Fiona,758231,10,15,M,60
2174,Joe,758626,1,6,F,60
2175,Damion,759101,5,10,M,60
2176,Deshaun,759229,6,11,M,60
2177,Desirae,759395,4,9,F,60
2178,Ireland,759501,10,15,M,60
2179,Hailee,759516,3,8,F,60
2180,Bryant,759574,9,14,F,60
2181,Jack,759617,4,9,M,60
2182,Jaquez,759953,4,9,M,60
2183,Cadence,760188,5,10,F,60
2184,Estefani,760579,4,9,M,60
2185,Josephine,761920,9,14,F,60
2186,Ben,762558,4,9,F,60
2187,Clifford,762690,4,9,F,60
2188,Abigail,762704,4,9,M,60
2189,Alanna,762853,3,8,M,60
2190,Darnell,762998,1,6,F,60
2191,Jorden,763492,7,12,M,60
2192,Damion,763782,6,11,M,60
2193,Anton,763958,2,7,F,60
2194,Carlee,764141,2,7,F,60
2195,Fernanda,765385,2,7,M,60
2196,Conrad,765464,4,9,M,60
2197,Andres,766091,4,9,M,60
2198,Hector,766407,8,13,M,60
2199,Alfredo,766524,7,12,M,60
2200,Alonso,767080,3,8,M,60
2201,Alvaro,767906,2,7,M,60
2202,Anderson,768388,4,9,M,60
2203,Donte,768535,5,10,M,60
2204,Akira,768550,4,9,F,60
2205,Dania,768693,1,6,M,60
2206,Jeff,768914,4,9,M,60
2207,Adrienne,769125,4,9,M,60
2208,Ezra,769416,3,8,F,60
2209,Hayley,769805,3,8,M,60
2210,Gerardo,769837,1,6,F,60
2211,Frankie,770914,7,12,F,60
2212,Glen,770919,3,8,F,60
2213,Jamari,771424,4,9,M,60
2214,Faith,771453,5,10,M,60
2215,Alexia,771952,5,10,M,60
2216,Jillian,772344,5,10,M,60
2217,Hudson,772572,3,8,M,60
2218,Cecilia,772599,9,14,F,60
2219,Junior,772860,10,15,F,60
2220,Heaven,773049,8,13,M,60
2221,Erica,773719,5,10,M,60
2222,Edgar,773911,10,15,F,60
2223,Jordyn,774195,5,10,M,60
2224,Daniela,774697,4,9,M,60
2225,Devyn,774734,4,9,M,60
2226,Brayden,775140,8,13,F,60
2227,Benjamin,775372,2,7,M,60
2228,Cecelia,775538,2,7,M,60
2229,Allen,775708,5,10,M,60
2230,Clayton,776021,5,10,F,60
2231,Caitlin,776035,3,8,M,60
2232,Cael,776072,5,10,F,60
2233,Carlos,776340,4,9,F,60
2234,Jimmy,776450,3,8,M,60
2235,Alexis,776762,5,10,M,60
2236,Glenn,776995,2,7,M,60
2237,Derrick,777011,3,8,M,60
2238,Hayden,777051,5,10,M,60
2239,Jakobe,777194,3,8,M,60
2240,Julie,777720,7,12,M,60
2241,Derick,778772,6,11,F,60
2242,Bianca,778902,1,6,F,60
2243,Irvin,779197,7,12,M,60
2244,Eliseo,780588,2,7,M,60
2245,Gilberto,780906,5,10,M,60
2246,Jordy,780921,9,14,M,60
2247,Abbigail,781274,8,13,F,60
2248,Alessandro,781421,9,14,M,60
2249,Evan,781508,1,6,M,60
2250,Alena,781580,4,9,M,60
2251,Emerson,781605,4,9,M,60
2252,Cesar,781666,4,9,F,60
2253,Brynn,781684,3,8,F,60
2254,Abigale,781788,5,10,M,60
2255,Isabelle,781932,3,8,F,60
2256,Helen,782991,7,12,M,60
2257,Alfredo,783021,1,6,M,60
2258,Cade,783122,5,10,M,60
2259,Hope,783153,5,10,F,60
2260,Damien,783459,7,12,M,60
2261,Alonzo,783976,4,9,F,60
2262,Brenden,784131,1,6,F,60
2263,Elizabeth,784756,2,7,M,60
2264,Grady,784839,5,10,M,60
2265,Gloria,785105,1,6,M,60
2266,Cody,785285,4,9,M,60
2267,Daquan,785335,4,9,M,60
2268,Eddy,785743,7,12,M,60
2269,Jazlyn,786060,4,9,M,60
2270,Estefany,786243,2,7,M,60
2271,Gerald,786256,9,14,F,60
2272,Alexandria,786616,8,13,F,60
2273,Ahmad,786889,7,12,F,60
2274,Dwayne,787244,5,10,F,60
2275,Guy,787273,2,7,M,60
2276,Alisa,787343,2,7,F,60
2277,Deonte,787415,1,6,F,60
2278,Cory,787507,8,13,F,60
2279,Heather,787673,2,7,M,60
2280,Jasper,787861,4,9,M,60
2281,Calvin,788278,9,14,M,60
2282,Giovanni,788316,4,9,M,60
2283,Immanuel,788616,5,10,M,60
2284,Gabriela,788814,6,11,M,60
2285,Iliana,789009,2,7,M,60
2286,Alexa,789430,2,7,M,60
2287,Jan,789453,5,10,F,60
2288,Casey,789704,5,10,M,60
2289,Felix,789754,8,13,F,60
2290,Josh,789891,5,10,F,60
2291,Brittney,789983,3,8,F,60
2292,Cara,790357,5,10,M,60
2293,Guadalupe,790397,5,10,M,60
2294,Griffin,790895,4,9,F,60
2295,Isis,792092,2,7,F,60
2296,Daquan,792153,3,8,M,60
2297,Brandi,792198,10,15,M,60
2298,Julien,792511,4,9,M,60
2299,Ellen,792696,4,9,F,60
2300,Bo,792738,6,11,F,60
2301,Dominic,792958,6,11,M,68
2302,Jakayla,793615,2,7,F,64
2303,Evelin,794323,2,7,M,69
2304,Faith,795025,5,10,F,66
2305,Darby,795372,2,7,M,70
2306,Ciera,795736,6,11,F,64
2307,Cruz,795990,4,9,F,70
2308,Gaven,796597,1,6,M,61
2309,Jamya,796929,1,6,F,60
2310,Adriana,796976,6,11,M,65
2311,Alexis,797039,7,12,M,62
2312,Draven,797075,7,12,M,70
2313,Judith,797241,6,11,M,64
2314,Jana,797483,4,9,M,62
2315,Aiden,797779,6,11,M,63
2316,Howard,797796,2,7,M,67
2317,Isabel,797806,5,10,M,69
2318,Dontae,797809,4,9,M,64
2319,Georgia,797965,4,9,M,63
2320,Glen,798051,3,8,F,68
2321,Brayden,798061,9,14,F,66
2322,Alayna,798079,4,9,F,67
2323,Ali,799779,3,8,M,67
2324,Abbey,800262,6,11,F,70
2325,Elissa,800353,6,11,F,64
2326,Hazel,800841,8,13,F,61
2327,Juan,801572,3,8,M,60
2328,Briana,801964,4,9,M,61
2329,Jamie,802037,2,7,F,60
2330,Bella,802401,1,6,M,64
2331,Erika,802563,4,9,M,65
2332,Charles,802615,2,7,M,70
2333,Carli,802710,3,8,M,66
2334,Cordell,802724,5,10,M,60
2335,Corinne,803393,3,8,M,70
2336,Fernando,803432,6,11,M,68
2337,Calvin,803597,9,14,M,63
2338,Elissa,803709,5,10,F,60
2339,Citlali,803830,8,13,M,69
2340,Dayana,803850,4,9,F,66
2341,Dario,804141,5,10,M,65
2342,Enrique,805071,5,10,F,64
2343,Georgia,805156,2,7,F,60
2344,Brendan,805340,3,8,M,70
2345,Erika,805487,4,9,M,68
2346,Cullen,805803,2,7,F,66
2347,Jackson,806504,5,10,M,60
2348,Fatima,806594,4,9,M,69
2349,Braden,807474,6,11,M,61
2350,Holly,807704,6,11,M,64
2351,Jerry,808039,4,9,F,64
2352,Jazmine,808361,3,8,M,61
2353,Dwayne,808425,6,11,M,62
2354,Garrison,808457,3,8,M,70
2355,Emiliano,808508,10,15,F,65
2356,Adan,808574,4,9,F,68
2357,Jazmyne,808895,4,9,M,62
2358,Bret,809643,6,11,F,62
2359,Easton,809893,6,11,F,60
2360,Arturo,810050,7,12,M,63
2361,Hudson,810594,1,6,F,60
2362,Jeffrey,811575,3,8,F,64
2363,Jonas,811686,6,11,M,67
2364,Cedric,812052,4,9,M,65
2365,Chaya,812109,4,9,M,70
2366,Julianne,812523,3,8,M,68
2367,Adeline,812884,9,14,M,67
2368,Jonatan,812942,6,11,M,63
2369,Jackson,813498,3,8,M,70
2370,Jairo,813835,6,11,M,60
2371,Jaylyn,814154,2,7,M,63
2372,Charles,814237,10,15,F,70
2373,Darin,814283,3,8,F,70
2374,Jasmine,814377,6,11,M,68
2375,Casey,814470,7,12,M,65
2376,Josiah,814697,3,8,M,63
2377,Brycen,814710,8,13,M,67
2378,Everett,815748,5,10,F,62
2379,Devin,815872,2,7,M,60
2380,Brodie,816168,5,10,M,64
2381,Jalen,816351,8,13,F,66
2382,Allan,816375,8,13,F,62
2383,Hassan,816408,4,9,M,68
2384,Frederick,816478,5,10,M,67
2385,Dakota,816738,5,10,M,63
2386,Alexandria,816924,7,12,F,66
2387,Barbara,816943,4,9,F,64
2388,Carson,817074,7,12,M,66
2389,Hailie,817270,6,11,F,62
2390,Jasmine,817702,3,8,M,61
2391,Craig,817771,4,9,F,68
2392,Haleigh,817914,4,9,F,62
2393,Jayda,818269,10,15,F,65
2394,Justice,818584,4,9,F,64
2395,Alvin,818845,4,9,F,62
2396,John,819231,4,9,M,62
2397,Conor,819252,8,13,F,65
2398,Alena,819547,4,9,M,62
2399,Cora,819629,8,13,F,64
2400,Ignacio,819930,7,12,F,63
2401,Ingrid,820301,9,14,F,70
2402,Darryl,820438,8,13,M,70
2403,Bria,820447,9,14,M,70
2404,Isaac,820565,9,14,M,70
2405,Finn,820587,3,8,M,70
2406,Julissa,820733,3,8,M,70
2407,Edward,820784,4,9,F,70
2408,Jamison,820954,1,6,M,70
2409,Elisa,821947,4,9,F,70
2410,Breonna,822066,4,9,F,70
2411,Hallie,822337,3,8,F,70
2412,Alec,822542,4,9,M,70
2413,Jarvis,822704,5,10,F,70
2414,Arjun,823006,4,9,M,70
2415,Fred,823350,5,10,M,70
2416,Aldo,823467,3,8,M,70
2417,Gregory,823650,3,8,F,70
2418,Cael,823666,4,9,M,70
2419,Carlie,823669,4,9,M,70
2420,Caden,824581,5,10,M,70
2421,Jaren,824838,9,14,M,70
2422,Cael,824927,5,10,M,70
2423,Camren,825270,9,14,M,70
2424,Brionna,825970,3,8,M,70
2425,Bernard,826168,4,9,M,70
2426,Caden,827482,4,9,F,70
2427,Alec,827766,5,10,M,70
2428,Bernardo,827861,4,9,F,70
2429,Alice,828034,4,9,F,70
2430,Johnny,828488,3,8,F,70
2431,Delaney,828594,7,12,M,70
2432,Carla,828655,4,9,M,70
2433,Connor,829242,4,9,M,70
2434,Alec,830186,5,10,M,70
2435,Dion,830587,10,15,M,70
2436,Elijah,831681,6,11,M,70
2437,Alexandra,831779,4,9,M,70
2438,Jakobe,831806,4,9,M,70
2439,Efrain,832347,1,6,M,70
2440,Estefania,832817,1,6,M,70
2441,Hayden,833390,6,11,M,70
2442,Bryana,833603,2,7,M,70
2443,Josue,833604,5,10,M,70
2444,Juan,834689,4,9,M,70
2445,Cheyanne,834799,2,7,M,70
2446,Caitlyn,834952,5,10,F,70
2447,Izaiah,835431,10,15,F,70
2448,Heidi,836031,3,8,F,70
2449,Chandler,836374,2,7,M,70
2450,Brooklynn,836782,4,9,M,70
2451,Adeline,836790,5,10,F,70
2452,Harold,838050,5,10,M,70
2453,Aditya,838350,8,13,M,70
2454,Herbert,838716,2,7,F,70
2455,Jenifer,838725,2,7,M,70
2456,Bradyn,839013,6,11,M,70
2457,Duane,839051,5,10,F,70
2458,Craig,839576,1,6,M,70
2459,Curtis,839646,5,10,M,70
2460,Alisha,839788,3,8,M,70
2461,Briana,839811,9,14,M,70
2462,Billy,840086,5,10,M,70
2463,Johnathon,840167,7,12,F,70
2464,Brittney,840228,7,12,F,70
2465,Clara,840414,2,7,M,70
2466,Donna,840421,7,12,M,70
2467,Darrius,840462,10,15,M,70
2468,Antonio,840482,6,11,M,70
2469,Davin,840652,1,6,M,70
2470,Gael,840872,2,7,M,70
2471,Hannah,841053,4,9,M,70
2472,Brenda,841935,4,9,M,70
2473,Andrew,842556,6,11,M,70
2474,Jaron,842745,10,15,F,70
2475,Jaycee,842938,4,9,F,70
2476,Cecelia,843031,2,7,M,70
2477,Alisa,844151,6,11,F,70
2478,Hanna,844269,7,12,F,70
2479,Aron,844720,1,6,M,70
2480,Jaime,844900,7,12,F,70
2481,Abdullah,845362,9,14,M,70
2482,Carly,845866,4,9,F,70
2483,Brenton,845880,8,13,M,70
2484,Jana,845907,6,11,M,70
2485,Adrien,846224,5,10,F,70
2486,Hamza,846634,6,11,F,70
2487,Aja,847243,6,11,F,70
2488,Jalyn,847592,5,10,M,70
2489,Dario,848639,6,11,M,70
2490,Dominik,848659,6,11,M,70
2491,Cristal,849553,8,13,M,70
2492,Brandon,850337,8,13,M,70
2493,Charlotte,852577,6,11,F,70
2494,Ethen,853769,2,7,M,70
2495,Arjun,854067,4,9,M,70
2496,Franklin,854709,7,12,F,70
2497,Alayna,854774,2,7,F,70
2498,Brittany,855375,7,12,F,70
2499,Cristobal,855411,5,10,M,70
2500,Ariel,855424,5,10,F,70
2501,Alex ,855515,6,11,M,70
2502,Celina,855717,7,12,M,70
2503,Jenny,856058,3,8,M,70
2504,Brisa,856075,5,10,M,70
2505,Alexis,856129,2,7,M,70
2506,Blanca,856568,2,7,M,70
2507,Gaven,856746,7,12,F,70
2508,Jaylen,856920,9,14,M,70
2509,Bradyn,857034,3,8,M,70
2510,Brycen,857418,4,9,F,70
2511,Janice,857666,6,11,F,70
2512,Brooklyn,857789,5,10,F,70
2513,Clay,857911,2,7,M,70
2514,Deonte,858037,5,10,M,70
2515,Abby,858268,2,7,M,70
2516,Jillian,858292,6,11,M,70
2517,Edwin,858375,4,9,M,70
2518,Elian,858712,4,9,M,70
2519,Harry,858857,6,11,M,70
2520,Jacoby,859834,7,12,M,70
2521,Jaiden,860447,3,8,F,70
2522,Junior,860745,2,7,M,70
2523,Blake,860945,10,15,M,70
2524,Cason,862024,3,8,M,70
2525,Eve,863322,4,9,M,70
2526,Jena,863804,4,9,M,70
2527,Faith,863878,2,7,M,70
2528,Alexzander,864342,2,7,M,70
2529,Camila,864725,3,8,M,70
2530,India,865004,5,10,M,70
2531,Christian,865595,4,9,M,70
2532,Alanis,865897,4,9,M,70
2533,Aimee,866042,3,8,M,70
2534,Darin,866061,10,15,M,70
2535,Ethen,866325,4,9,M,70
2536,Jazmyne,866460,4,9,F,70
2537,Gerard,866691,4,9,M,70
2538,Gabrielle,866974,4,9,F,70
2539,Camron,868879,6,11,F,70
2540,Aiyana,868958,5,10,M,70
2541,Francesca,869080,4,9,M,70
2542,Andre,869254,4,9,M,70
2543,Drake,869591,4,9,M,70
2544,Cristina,869623,6,11,M,70
2545,Elias,869925,3,8,M,70
2546,Jamison,870480,7,12,M,70
2547,Fiona,870725,3,8,F,70
2548,Emilia,870781,4,9,M,70
2549,Christiana,870872,5,10,M,70
2550,Denisse,870912,1,6,M,70
2551,Evelin,871364,4,9,M,70
2552,Easton,871565,6,11,M,70
2553,Joslyn,871663,4,9,F,70
2554,Arnold,871929,4,9,M,70
2555,Demarcus,872039,5,10,F,70
2556,Brittany,872479,1,6,M,70
2557,Braedon,872672,8,13,F,70
2558,James,872899,7,12,M,70
2559,Chase,873027,5,10,M,70
2560,Fabian,873273,2,7,M,70
2561,Andre,873342,3,8,M,70
2562,Cassandra,873470,2,7,F,70
2563,Eli,873768,5,10,M,70
2564,Citlali,874423,10,15,M,70
2565,Celeste,874492,5,10,M,70
2566,Jaycee,874648,7,12,M,70
2567,Candace,875002,1,6,M,70
2568,Aileen,875416,5,10,M,70
2569,Irving,875496,10,15,M,70
2570,Emanuel,875841,3,8,M,70
2571,Donavan,876482,5,10,F,70
2572,Desirae,876742,1,6,M,70
2573,Ariel,876880,2,7,F,70
2574,Damaris,877748,10,15,F,70
2575,Halie,877861,5,10,M,70
2576,Daisy,878032,7,12,F,70
2577,Chaz,878088,9,14,F,70
2578,Aimee,878511,8,13,M,70
2579,Declan,878738,2,7,F,70
2580,Carter,878754,6,11,F,70
2581,Crystal,878887,7,12,M,70
2582,Jamel,879063,4,9,F,70
2583,Carol,879309,5,10,M,70
2584,Carlo,879861,5,10,M,70
2585,Aja,880708,5,10,F,70
2586,Humberto,880761,6,11,M,70
2587,Johnathan,880813,1,6,F,70
2588,Brody,880840,4,9,F,70
2589,Corbin,881115,3,8,F,70
2590,Jayce,882012,3,8,M,70
2591,Jevon,882426,4,9,M,70
2592,Aden,882880,4,9,F,70
2593,Bryan,883088,1,6,M,70
2594,Ari,883110,5,10,F,70
2595,Cristian,883189,1,6,F,70
2596,Caroline,883236,5,10,M,70
2597,Haven,883707,4,9,M,70
2598,Edgardo,885253,5,10,M,70
2599,Darwin,885842,3,8,M,70
2600,Jayson,885928,7,12,F,70
2601,Emmanuel,886251,2,7,M,79
2602,Frederick,886430,1,6,F,74
2603,Helen,886748,4,9,F,78
2604,Jefferson,886816,4,9,M,70
2605,Dallin,886833,4,9,F,79
2606,Justine,887173,2,7,M,79
2607,Evelyn,887590,1,6,F,72
2608,Abram,887878,4,9,M,80
2609,Elyssa,887953,9,14,M,77
2610,Hassan,889216,5,10,F,70
2611,Abdiel,889628,5,10,F,72
2612,Felicity ,889652,4,9,M,75
2613,Jenna,889676,9,14,F,78
2614,Jonah,889870,4,9,M,80
2615,Alisha,890455,6,11,M,76
2616,Alfonso,890614,3,8,M,74
2617,Eva,891022,5,10,M,76
2618,Amir,891085,6,11,F,75
2619,Janie,891269,8,13,F,76
2620,Jocelyn,891533,4,9,M,73
2621,Alanis,891831,5,10,M,80
2622,Alexandre,892432,5,10,F,75
2623,Benny,892996,4,9,F,75
2624,Grant,893028,6,11,M,70
2625,Caitlin,893431,5,10,F,76
2626,Ezekiel,893457,5,10,M,70
2627,Jaylon,893540,5,10,M,73
2628,Jazmin,894841,4,9,M,70
2629,Irene,894988,4,9,M,70
2630,Blake,895080,8,13,M,72
2631,Jahiem,895674,6,11,M,76
2632,Jaliyah,895901,5,10,F,79
2633,Izaiah,896637,3,8,F,70
2634,Jefferson,896681,3,8,F,72
2635,Halie,897388,3,8,M,71
2636,Janet,897686,5,10,M,79
2637,Jan,898097,7,12,F,71
2638,Demetrius,898148,5,10,M,73
2639,Jaeden,898311,3,8,M,75
2640,Donald,898553,6,11,F,75
2641,Alejandra,898588,4,9,M,74
2642,Joy ,898909,2,7,M,80
2643,Aileen,898972,5,10,F,77
2644,Hailey,899316,4,9,M,71
2645,Alia,899743,4,9,F,71
2646,Brisa,899785,3,8,M,77
2647,Dion,900753,3,8,F,72
2648,Elise,901915,5,10,M,75
2649,Courtney,902158,4,9,M,79
2650,Gordon,902330,4,9,M,74
2651,Alejandro,902331,7,12,F,80
2652,Cassidy,902749,4,9,M,73
2653,Anthony,903629,3,8,F,80
2654,Dylan,903975,5,10,M,80
2655,Harley,904350,3,8,F,73
2656,Alfred,904387,9,14,M,75
2657,Brice,904707,3,8,M,76
2658,Addison,904889,3,8,M,71
2659,Grace,905064,5,10,M,74
2660,Bret,905345,4,9,F,78
2661,Brendan,905535,3,8,F,70
2662,Francesca,905752,7,12,M,74
2663,Gabriel,906384,4,9,M,76
2664,Irvin,906890,5,10,M,71
2665,Curtis,906910,5,10,F,71
2666,Irene,906987,8,13,M,70
2667,Colton,907535,8,13,F,77
2668,Alicia,907584,6,11,F,80
2669,Elias,907629,1,6,F,77
2670,Harmony,908053,5,10,F,79
2671,Jarrett,908139,3,8,F,76
2672,Emmanuel,908407,5,10,M,80
2673,Colt,908561,7,12,M,77
2674,Armani,908739,7,12,M,73
2675,Gavyn,909365,5,10,F,79
2676,Dane,909585,3,8,F,76
2677,Irvin,909773,6,11,M,73
2678,Dorian,909844,4,9,M,75
2679,Beatriz,910131,4,9,M,78
2680,Jacqueline,910209,2,7,F,78
2681,Guy,910218,3,8,M,71
2682,Jay,910382,5,10,F,79
2683,Isaac,910456,4,9,M,76
2684,Gisselle,910595,2,7,M,74
2685,Jonas,910994,3,8,F,71
2686,Brisa,911110,10,15,F,74
2687,Giovanny,911675,5,10,M,77
2688,Juliette,911814,10,15,M,70
2689,Abigail,912212,5,10,F,72
2690,Jayson,912786,5,10,F,80
2691,Colin,913199,8,13,F,78
2692,Hunter,913327,7,12,M,79
2693,Braden,913729,1,6,M,74
2694,Ian,913948,5,10,M,75
2695,Jayden,914051,5,10,F,72
2696,Darrell,914355,4,9,F,72
2697,Dylon,914548,2,7,M,73
2698,Jamil,914549,7,12,M,72
2699,Agustin,914708,4,9,M,74
2700,Jaelyn,914764,5,10,M,78
2701,Gerard,915078,4,9,M,80
2702,Destini,915089,2,7,M,80
2703,Gonzalo,915233,3,8,M,80
2704,Jaylene,915715,10,15,F,80
2705,Chloe,916035,5,10,M,80
2706,Christy,916253,4,9,M,80
2707,Jack,916298,2,7,M,80
2708,Braedon,916456,1,6,F,80
2709,Denisse,916894,7,12,F,80
2710,Christian,916973,4,9,M,80
2711,Georgia,917087,2,7,F,80
2712,Josue,917333,7,12,F,80
2713,Cara,917341,7,12,F,80
2714,Cornelius,917531,8,13,F,80
2715,Danny,917713,8,13,M,80
2716,Denzel,918492,4,9,M,80
2717,Jordyn,918567,5,10,M,80
2718,Dillon,918874,3,8,M,80
2719,Joelle,918980,8,13,M,80
2720,Christa,919093,10,15,M,80
2721,Elian,919735,3,8,M,80
2722,Darby,919793,2,7,M,80
2723,Cecilia,920007,4,9,M,80
2724,Dimitri,920413,4,9,M,80
2725,Jordan,921265,6,11,F,80
2726,Jonathan,921462,6,11,M,80
2727,Jimena,921565,5,10,F,80
2728,Carl,921647,5,10,F,80
2729,Ezequiel,922159,5,10,F,80
2730,Denise,922339,7,12,M,80
2731,Iris,922722,3,8,F,80
2732,Elaina,922749,4,9,M,80
2733,Alison,923177,8,13,M,80
2734,Alexandria,923184,9,14,M,80
2735,Essence,923515,10,15,M,80
2736,Brielle,923630,4,9,M,80
2737,Jaylan,924059,7,12,M,80
2738,Celine,924602,7,12,F,80
2739,Dorian,924855,3,8,M,80
2740,Gael,924966,4,9,M,80
2741,Journey,924993,4,9,M,80
2742,Jadon,925076,9,14,F,80
2743,Clinton,925138,6,11,F,80
2744,Dana,925242,4,9,M,80
2745,Antony,926153,5,10,F,80
2746,Evelin,926263,9,14,M,80
2747,Emmalee,926661,1,6,M,80
2748,Chelsea,927125,5,10,M,80
2749,Jett,927136,9,14,M,80
2750,Isabela,927665,4,9,M,80
2751,Jamya,927702,4,9,M,80
2752,Camille,927839,10,15,M,80
2753,Adriel,928372,5,10,F,80
2754,Fernando,929165,5,10,F,80
2755,Jacey,929172,2,7,M,80
2756,Giancarlo,929555,1,6,F,80
2757,Eduardo,930065,4,9,F,80
2758,Blaine,930096,5,10,M,80
2759,Carolina,930180,5,10,M,80
2760,Alfonso,930668,2,7,F,80
2761,Brooklynn,930795,4,9,F,80
2762,Dania,931113,5,10,M,80
2763,Breanna,931335,4,9,F,80
2764,Agustin,931360,1,6,F,80
2765,Gretchen,931400,5,10,F,80
2766,Jamal,931444,7,12,M,80
2767,Johnathan,932083,3,8,F,80
2768,Cayden ,932090,6,11,M,80
2769,Hayley,932272,3,8,F,80
2770,Junior,932362,3,8,F,80
2771,Brett,932387,1,6,M,80
2772,Jefferson,932835,6,11,M,80
2773,Jude,933292,4,9,M,80
2774,Duane,934109,5,10,F,80
2775,Frida,934334,4,9,F,80
2776,Dwight,934473,1,6,M,80
2777,Frankie,934669,7,12,F,80
2778,Jared,934773,3,8,M,80
2779,Jordan,935049,8,13,F,80
2780,Hailie,935541,5,10,M,80
2781,Darren,935682,5,10,F,80
2782,Jada,936197,4,9,M,80
2783,Gloria,936812,2,7,F,80
2784,Cheyenne,937159,9,14,M,80
2785,Brenda,938281,5,10,F,80
2786,Jalen,938575,4,9,M,80
2787,Issac,938909,2,7,M,80
2788,Carli,938999,5,10,M,80
2789,Clara,939194,4,9,M,80
2790,Adam,939319,6,11,F,80
2791,Justyn,939390,5,10,F,80
2792,Jasmine,939854,2,7,F,80
2793,Gonzalo,940000,7,12,F,80
2794,Christopher,940227,9,14,M,80
2795,Alonzo,940603,9,14,F,80
2796,Delaney,941011,3,8,M,80
2797,Dante,941256,7,12,F,80
2798,Abel,941967,2,7,F,80
2799,Janelle,942406,3,8,M,80
2800,Eileen,943254,3,8,F,80
2801,Deven,943315,5,10,M,89
2802,Estevan,943529,5,10,M,86
2803,Bradyn,943794,4,9,M,85
2804,Isabell,944018,9,14,F,84
2805,Allan,944231,6,11,F,87
2806,Jamil,944657,10,15,M,82
2807,Cayden ,945218,5,10,M,81
2808,Alexandra,945260,3,8,M,83
2809,Efren,946052,6,11,M,84
2810,Benjamin,946096,4,9,F,82
2811,Johan,946100,4,9,F,82
2812,Joelle,946153,4,9,F,90
2813,Dangelo,946188,7,12,M,88
2814,Elvin,946248,5,10,M,87
2815,Geoffrey,946372,7,12,F,87
2816,Jaden,946771,4,9,M,90
2817,Jesse,947119,5,10,F,81
2818,Julian,947859,3,8,M,81
2819,Jameson,948027,4,9,M,87
2820,Devonte,948398,9,14,M,86
2821,Frida,948472,4,9,F,82
2822,Earl,948590,8,13,F,90
2823,Grayson,948670,2,7,F,84
2824,Chloe,948918,5,10,M,84
2825,Camren,949389,3,8,F,82
2826,Jair,949724,4,9,M,81
2827,Emily,950352,4,9,M,86
2828,Donavan,950671,4,9,F,90
2829,Elliot,951065,5,10,M,81
2830,Freddy,951932,5,10,F,89
2831,Damon,952030,4,9,M,90
2832,Donald,952254,1,6,M,80
2833,Jacquelyn,952255,5,10,M,82
2834,Dandre,952336,3,8,M,81
2835,Ali,952405,4,9,M,90
2836,Estefania,952797,9,14,F,87
2837,Isaias,952875,3,8,M,87
2838,Dale,953181,3,8,M,85
2839,Alessandra,953202,1,6,M,84
2840,Graham,953539,4,9,F,90
2841,Gregory,953680,9,14,F,88
2842,Ainsley,954344,1,6,M,80
2843,Dayana,954354,5,10,F,89
2844,Ellie,954401,5,10,F,90
2845,Abdiel,954525,2,7,M,88
2846,Freddy,954857,6,11,M,88
2847,Antony,955048,3,8,M,82
2848,Hugo,955335,8,13,M,86
2849,Jose,955336,4,9,F,87
2850,Brielle,955427,3,8,F,87
2851,Jevon,955435,3,8,M,89
2852,Gabriella,955761,3,8,M,90
2853,Jared,956020,5,10,M,85
2854,Giovanny,956126,4,9,F,89
2855,Jackeline,956298,5,10,M,83
2856,Diamond,956452,6,11,F,80
2857,Haylee,956465,4,9,F,82
2858,Drew,957114,7,12,M,81
2859,Duncan,957154,4,9,F,88
2860,Amir,957190,5,10,M,82
2861,Jazlyn,957409,6,11,M,80
2862,Dominik,957857,8,13,M,90
2863,Israel,957964,1,6,M,85
2864,Abbie,958090,2,7,M,84
2865,Alvin,958313,4,9,M,82
2866,Devyn,958412,4,9,M,84
2867,Joana,958793,3,8,M,88
2868,Jamya,958926,4,9,F,85
2869,Cruz,959082,1,6,M,83
2870,Gregory,959144,5,10,M,86
2871,Brooks,959310,2,7,F,85
2872,Amari,960171,7,12,F,88
2873,Elena,960958,4,9,M,89
2874,Gunnar,960979,5,10,M,85
2875,Ezra,961299,4,9,M,89
2876,Jason,961438,7,12,M,89
2877,Dania,961984,2,7,M,90
2878,Alexandro,962540,6,11,M,90
2879,Adam,962573,10,15,M,88
2880,Elmer,962937,7,12,M,80
2881,Clayton,963500,2,7,M,82
2882,Gianna,963536,3,8,M,83
2883,Juliana,963883,7,12,M,87
2884,Antwan,963943,1,6,M,83
2885,Hazel,964459,6,11,F,81
2886,Bridget,964576,3,8,M,83
2887,Brady,965319,7,12,F,83
2888,Jazmyn,965382,4,9,M,84
2889,Harmony,965515,5,10,M,82
2890,Gaige,965534,3,8,M,80
2891,Brittany,965684,3,8,F,86
2892,Irving,966034,4,9,M,87
2893,Jaylan,966180,5,10,M,81
2894,Joaquin,966333,4,9,M,80
2895,Camden,966816,4,9,F,89
2896,Abigale,967085,7,12,F,88
2897,Jacob,967237,7,12,M,81
2898,Dallas,967420,4,9,M,90
2899,Glenn,967428,5,10,F,80
2900,Gloria,967701,9,14,F,82
2901,Eduardo,967924,4,9,M,100
2902,Jamel,968527,3,8,F,94
2903,Julius,968571,2,7,M,95
2904,Ean,968608,7,12,F,96
2905,Jazmyn,968724,4,9,M,90
2906,Brennan,969099,5,10,M,90
2907,Cameron,969911,4,9,F,91
2908,Alexys,970299,3,8,M,95
2909,Addison,970344,6,11,F,93
2910,Gary,970868,5,10,M,100
2911,Daphne,971457,5,10,M,99
2912,Jordan,971483,3,8,M,93
2913,Alexa,971577,4,9,F,91
2914,Jabari,971640,6,11,F,100
2915,Cheyanne,971645,6,11,M,93
2916,Amarion,971787,7,12,M,98
2917,Jackeline,972129,7,12,F,91
2918,Emerson,972663,2,7,F,98
2919,Brayan,972684,4,9,M,92
2920,Claire,973020,4,9,M,92
2921,Emilie,973580,1,6,F,90
2922,Darryl,973629,2,7,F,97
2923,Jolie,973672,6,11,M,90
2924,Elijah,974703,2,7,F,90
2925,Eden,975104,6,11,M,97
2926,Elsa,975265,7,12,M,95
2927,Chase,975487,4,9,F,98
2928,Adonis,975582,3,8,F,96
2929,Hamza,975622,7,12,M,94
2930,Johan,975804,9,14,M,100
2931,Elias,976044,5,10,F,97
2932,Alden,976135,2,7,M,91
2933,Brodie,976471,7,12,M,93
2934,Gideon,976521,4,9,F,93
2935,Armando,976949,5,10,M,100
2936,Elliot,978064,4,9,F,92
2937,Estefany,978283,7,12,M,97
2938,Jon,978823,10,15,M,90
2939,Aiyana,978859,5,10,F,95
2940,Jevon,979665,5,10,M,98
2941,Esther,979689,4,9,M,94
2942,Deandre,980457,1,6,F,94
2943,Jarrod,980521,6,11,M,92
2944,Bailey,981337,6,11,F,93
2945,Justyn,981485,4,9,M,93
2946,Alonso,981771,9,14,F,92
2947,Fidel,981963,6,11,M,93
2948,Josef,982639,6,11,M,97
2949,Bria,982780,7,12,F,93
2950,Dario,983228,6,11,M,97
2951,Eliana,983942,7,12,M,92
2952,Jarod,984677,5,10,M,97
2953,Jena,985259,6,11,F,92
2954,Craig,985507,4,9,M,94
2955,Eva,985511,5,10,F,90
2956,Jessica,985528,4,9,M,94
2957,Daryl,985745,6,11,M,94
2958,Forrest,985854,4,9,M,96
2959,Abigayle,986069,5,10,M,98
2960,Alexander,986507,5,10,M,99
2961,Donald,986707,8,13,M,90
2962,Adrianna,987189,7,12,M,97
2963,Alexia,987788,5,10,M,90
2964,Casandra,987845,4,9,M,92
2965,Juliette,988303,1,6,M,98
2966,Garrett,989446,4,9,F,90
2967,Jude,989506,7,12,M,92
2968,Elisha,990213,4,9,M,98
2969,Joel,990964,8,13,M,97
2970,Alijah,991062,9,14,M,93
2971,Brenden,991130,3,8,M,92
2972,Abraham,991267,6,11,F,92
2973,Freddie,991355,5,10,F,99
2974,Bryce,991379,4,9,M,96
2975,Darion,992216,4,9,M,91
2976,Joanna,992602,5,10,M,97
2977,Chase,992992,5,10,M,90
2978,Chana,993343,10,15,M,93
2979,Halle,993937,6,11,M,98
2980,Julissa,994051,5,10,F,94
2981,Gavyn,994266,7,12,F,96
2982,Gisselle,994374,4,9,M,93
2983,Ericka,994597,9,14,F,90
2984,Isabelle,994746,8,13,M,98
2985,Demarcus,994815,4,9,M,92
2986,Alex,995003,7,12,M,94
2987,Jordan,995220,6,11,F,93
2988,Daisy,995396,4,9,M,97
2989,Celeste,995690,7,12,M,95
2990,Adrien,995746,4,9,F,91
2991,Alison,995875,6,11,F,90
2992,Alejandra,996177,4,9,M,93
2993,Breanna,996544,3,8,F,91
2994,Jalyn,996795,3,8,M,95
2995,Braden,997324,8,13,F,92
2996,Joselyn,997777,5,10,M,93
2997,Isai,997857,1,6,M,92
2998,Devin,998458,3,8,M,98
2999,Dale,998959,3,8,M,91
3000,Graham,999099,2,7,M,96
